1312598737065|1312598747065|true|8796093022249|618475295993
1312598737065|1312598747065|true|8796093022249|618475295993
1312598737065|1312598747065|true|8796093022249|618475295993
1312598737065|1312598747065|true|8796093022249|618475295993
1312598737065|1312598747065|true|8796093022249|618475295993
1312598737065|1312598747065|true|8796093022249|618475295993
1312598737065|1312598747065|true|8796093022249|618475295993
1312598737065|1312598747065|true|8796093022249|618475295993
1312598737065|1312598747065|true|8796093022249|618475295993
1312598737065|1312598747065|true|8796093022249|618475295993
1312598737065|1312598747065|true|8796093022249|618475295993
1312598737065|1312598747065|true|8796093022249|618475295993
1312598737065|1312598747065|true|8796093022249|618475295993
1312598737065|1312598747065|true|8796093022249|618475295993
1312598737065|1312598747065|true|8796093022249|618475295993
1312598737065|1312598747065|true|8796093022249|618475295993
1312598737065|1312598747065|true|8796093022249|618475295993
1312598737065|1312598747065|true|8796093022249|618475295993
1312598737065|1312598747065|true|8796093022249|618475295993
1312598737065|1312598747065|true|8796093022249|618475295993
1312598737065|1312598747065|true|8796093022249|618475295993
1312598737065|1312598747065|true|8796093022249|618475295993
1312598737065|1312598747065|true|8796093022249|618475295993
1312598737065|1312598747065|true|8796093022249|618475295993
1312598737065|1312598747065|true|8796093022249|618475295993
1312598737065|1312598747065|true|8796093022249|618475295993
