creationDate|id|locationIP|browserUsed|content|length|creator|place|replyOfPost|replyOfComment
2012-10-13T19:27:01.776Z|1099511629124|91.191.192.127|Firefox|About Garry Kasparov,  a dispute with FIDE led him to set About Herbert Kitchener, 1st Earl Kitchener, became Secretary of State for War, aAb|141|24189255811081|4|343597385027|""
2012-10-13T19:30:47.125Z|1099511629127|91.191.192.127|Firefox|I see|5|24189255811081|4|""|1099511629124
2012-10-13T22:37:25.969Z|1099511629220|1.2.2.77|Firefox|About Slavoj Žižek, w with Amy Goodman oAbout Horatio Nelson, 1st Viscount Nelson, s legacy remains higAbout Separate Lives, . It lost to Lionel About Fresh Cream, m So Gl|171|8796093022237|1|962072675747|""
2012-10-13T22:49:08.004Z|1099511629234|27.116.34.47|Chrome|cool|4|13194139533355|0|""|1099511629220
