1338284831247|1577664000000|false|962072674305|Album 0 of Baby Yang|1
1343520900336|1577664000000|false|1030792151042|Album 1 of Baby Yang|1
1350862569987|1577664000000|false|1099511627779|Album 2 of Baby Yang|1
1327668537866|1577664000000|false|824633720836|Album 3 of Baby Yang|1
1334218687462|1577664000000|false|893353197573|Album 4 of Baby Yang|1
1336942003373|1577664000000|false|962072674310|Album 5 of Baby Yang|1
1333739223077|1577664000000|false|893353197575|Album 6 of Baby Yang|1
1350386576633|1577664000000|false|1099511627784|Album 7 of Baby Yang|1
1333591444418|1577664000000|false|893353197577|Album 8 of Baby Yang|1
1347122892089|1577664000000|false|1099511627786|Album 9 of Baby Yang|1
1340825487129|1577664000000|false|962072674315|Album 10 of Baby Yang|1
1353431585820|1577664000000|false|1168231104524|Album 11 of Baby Yang|1
1328970161990|1577664000000|false|824633720845|Album 12 of Baby Yang|1
1334007723730|1577664000000|false|893353197582|Album 13 of Baby Yang|1
1320591486267|1577664000000|false|687194767375|Album 14 of Baby Yang|1
1306130466143|1577664000000|false|549755813908|Album 0 of Jan Zakrzewski|1
1327082507397|1577664000000|false|824633720853|Album 1 of Jan Zakrzewski|1
1323616008776|1577664000000|false|755914244118|Album 2 of Jan Zakrzewski|1
1310312200808|1577664000000|false|618475290647|Album 3 of Jan Zakrzewski|1
1346258557593|1577664000000|false|1030792151064|Album 4 of Jan Zakrzewski|1
1300026174931|1577664000000|false|481036337177|Album 5 of Jan Zakrzewski|1
1277187433975|1577664000000|false|137438953498|Album 6 of Jan Zakrzewski|1
1289776067147|1577664000000|false|343597383707|Album 7 of Jan Zakrzewski|1
1293246824488|1577664000000|false|343597383708|Album 8 of Jan Zakrzewski|1
1273960380622|1577664000000|false|137438953501|Album 9 of Jan Zakrzewski|1
1277632235718|1577664000000|false|137438953502|Album 10 of Jan Zakrzewski|1
1301534814402|1577664000000|false|481036337183|Album 11 of Jan Zakrzewski|1
1296188439627|1577664000000|false|412316860448|Album 12 of Jan Zakrzewski|1
1319878311173|1577664000000|false|687194767393|Album 13 of Jan Zakrzewski|1
1279828241336|1577664000000|false|206158430242|Album 14 of Jan Zakrzewski|1
1314331583751|1577664000000|false|618475290659|Album 15 of Jan Zakrzewski|1
1280080010767|1577664000000|false|206158430244|Album 16 of Jan Zakrzewski|1
1279860959665|1577664000000|false|206158430245|Album 17 of Jan Zakrzewski|1
1269546417026|1577664000000|false|68719476774|Album 18 of Jan Zakrzewski|1
1325672152478|1577664000000|false|755914244135|Album 19 of Jan Zakrzewski|1
1327265080732|1577664000000|false|824633720872|Album 20 of Jan Zakrzewski|1
1331952440324|1577664000000|false|893353197609|Album 21 of Jan Zakrzewski|1
1341365661380|1577664000000|false|962072674346|Album 22 of Jan Zakrzewski|1
1294780543167|1577664000000|false|412316860459|Album 23 of Jan Zakrzewski|1
1268415650364|1577664000000|false|68719476780|Album 24 of Jan Zakrzewski|1
1331245037324|1577664000000|false|893353197613|Album 25 of Jan Zakrzewski|1
1317300272296|1577664000000|false|687194767406|Album 26 of Jan Zakrzewski|1
1315631321579|1577664000000|false|687194767407|Album 27 of Jan Zakrzewski|1
1299438819912|1577664000000|false|481036337200|Album 28 of Jan Zakrzewski|1
1292734446285|1577664000000|false|343597383729|Album 29 of Jan Zakrzewski|1
1314093181426|1577664000000|false|618475290674|Album 30 of Jan Zakrzewski|1
1273935791734|1577664000000|false|137438953523|Album 31 of Jan Zakrzewski|1
1313726225827|1577664000000|false|618475290676|Album 32 of Jan Zakrzewski|1
1321003196870|1577664000000|false|755914244149|Album 33 of Jan Zakrzewski|1
1353412670004|1577664000000|false|1168231104566|Album 34 of Jan Zakrzewski|1
1354619419779|1577664000000|false|1168231104568|Album 0 of Bryn Davies|1
1344688736343|1577664000000|false|1030792151097|Album 1 of Bryn Davies|1
1348527903821|1577664000000|false|1099511627834|Album 2 of Bryn Davies|1
1340613714372|1577664000000|false|962072674363|Album 3 of Bryn Davies|1
1350679849894|1577664000000|false|1099511627836|Album 4 of Bryn Davies|1
1336708881340|1577664000000|false|962072674365|Album 5 of Bryn Davies|1
1335074958866|1577664000000|false|893353197630|Album 6 of Bryn Davies|1
1337317319303|1577664000000|false|962072674367|Album 7 of Bryn Davies|1
1348571796328|1577664000000|false|1099511627840|Album 8 of Bryn Davies|1
1303059015401|1577664000000|false|481036337218|Album 0 of Joakim Larsson|1
1304758931318|1577664000000|false|549755813955|Album 1 of Joakim Larsson|1
1356846445441|1577664000000|false|1168231104580|Album 2 of Joakim Larsson|1
1323363388807|1577664000000|false|755914244165|Album 3 of Joakim Larsson|1
1334710288839|1577664000000|false|893353197638|Album 4 of Joakim Larsson|1
1348139209540|1577664000000|false|1099511627847|Album 5 of Joakim Larsson|1
1340123640961|1577664000000|false|962072674376|Album 6 of Joakim Larsson|1
1352655180093|1577664000000|false|1168231104585|Album 7 of Joakim Larsson|1
1303510077671|1577664000000|false|481036337226|Album 8 of Joakim Larsson|1
1349172557547|1577664000000|false|1099511627851|Album 9 of Joakim Larsson|1
1334670937434|1577664000000|false|893353197644|Album 10 of Joakim Larsson|1
1341780213328|1577664000000|false|962072674381|Album 11 of Joakim Larsson|1
1349273895144|1577664000000|false|1099511627854|Album 12 of Joakim Larsson|1
1327191896759|1577664000000|false|824633720911|Album 13 of Joakim Larsson|1
1350958243806|1577664000000|false|1099511627856|Album 14 of Joakim Larsson|1
1352485343812|1577664000000|false|1168231104593|Album 15 of Joakim Larsson|1
1324300197266|1577664000000|false|755914244178|Album 16 of Joakim Larsson|1
1330610547194|1577664000000|false|824633720915|Album 17 of Joakim Larsson|1
1310731870397|1577664000000|false|618475290708|Album 18 of Joakim Larsson|1
1313166345853|1577664000000|false|618475290709|Album 19 of Joakim Larsson|1
1333425732306|1577664000000|false|893353197654|Album 20 of Joakim Larsson|1
1311714255596|1577664000000|false|618475290711|Album 21 of Joakim Larsson|1
1316272156824|1577664000000|false|687194767449|Album 0 of Wojciech Ciesla|1
1348879762292|1577664000000|false|1099511627866|Album 1 of Wojciech Ciesla|1
1325327912495|1577664000000|false|755914244187|Album 2 of Wojciech Ciesla|1
1315048928784|1577664000000|false|618475290716|Album 3 of Wojciech Ciesla|1
1327794921976|1577664000000|false|824633720925|Album 4 of Wojciech Ciesla|1
1311146134813|1577664000000|false|618475290718|Album 5 of Wojciech Ciesla|1
1314482844577|1577664000000|false|618475290719|Album 6 of Wojciech Ciesla|1
1318542412858|1577664000000|false|687194767456|Album 7 of Wojciech Ciesla|1
1346613492652|1577664000000|false|1030792151137|Album 8 of Wojciech Ciesla|1
1329265162149|1354435359941|true|824633720930|Album 9 of Wojciech Ciesla|1
1346654920472|1577664000000|false|1030792151139|Album 10 of Wojciech Ciesla|1
1329463559880|1577664000000|false|824633720932|Album 11 of Wojciech Ciesla|1
1315750753843|1577664000000|false|687194767461|Album 12 of Wojciech Ciesla|1
1326487938000|1577664000000|false|824633720934|Album 13 of Wojciech Ciesla|1
1331406241752|1577664000000|false|893353197671|Album 14 of Wojciech Ciesla|1
1343928439546|1577664000000|false|1030792151144|Album 15 of Wojciech Ciesla|1
1325369278730|1577664000000|false|755914244201|Album 16 of Wojciech Ciesla|1
1344920039110|1577664000000|false|1030792151146|Album 17 of Wojciech Ciesla|1
1323493210544|1577664000000|false|755914244205|Album 0 of John Johnson|1
1293268767086|1577664000000|false|343597383790|Album 1 of John Johnson|1
1299145364966|1577664000000|false|412316860527|Album 2 of John Johnson|1
1342660889267|1577664000000|false|1030792151152|Album 3 of John Johnson|1
1326621333149|1577664000000|false|824633720945|Album 4 of John Johnson|1
1344940107565|1577664000000|false|1030792151154|Album 5 of John Johnson|1
1296756736328|1577664000000|false|412316860531|Album 6 of John Johnson|1
1314485540215|1577664000000|false|618475290740|Album 7 of John Johnson|1
1331705405928|1577664000000|false|893353197685|Album 8 of John Johnson|1
1348980734347|1577664000000|false|1099511627894|Album 9 of John Johnson|1
1330561706189|1577664000000|false|824633720951|Album 10 of John Johnson|1
1347651471495|1577664000000|false|1099511627896|Album 11 of John Johnson|1
1324415043718|1577664000000|false|755914244217|Album 12 of John Johnson|1
1353170136800|1577664000000|false|1168231104634|Album 13 of John Johnson|1
1332950239529|1577664000000|false|893353197691|Album 14 of John Johnson|1
1340894753075|1577664000000|false|962072674428|Album 15 of John Johnson|1
1343254013314|1577664000000|false|1030792151165|Album 16 of John Johnson|1
1325035694341|1577664000000|false|755914244222|Album 17 of John Johnson|1
1350842204999|1577664000000|false|1099511627903|Album 18 of John Johnson|1
1295863659379|1577664000000|false|412316860544|Album 19 of John Johnson|1
1302823166645|1577664000000|false|481036337281|Album 20 of John Johnson|1
1302409531383|1577664000000|false|481036337282|Album 21 of John Johnson|1
1334318239192|1577664000000|false|893353197699|Album 22 of John Johnson|1
1300897769206|1577664000000|false|481036337284|Album 23 of John Johnson|1
1322799033385|1577664000000|false|755914244229|Album 24 of John Johnson|1
1356210727971|1577664000000|false|1168231104656|Album 0 of Jimmy Burak|1
1352434088056|1577664000000|false|1168231104657|Album 1 of Jimmy Burak|1
1341762258124|1577664000000|false|962072674450|Album 2 of Jimmy Burak|1
1332326065041|1577664000000|false|893353197715|Album 3 of Jimmy Burak|1
1326828791294|1577664000000|false|824633720980|Album 4 of Jimmy Burak|1
1314441431537|1577664000000|false|618475290773|Album 5 of Jimmy Burak|1
1355341286992|1577664000000|false|1168231104662|Album 6 of Jimmy Burak|1
1317181232906|1577664000000|false|687194767511|Album 7 of Jimmy Burak|1
1344916980463|1577664000000|false|1030792151192|Album 8 of Jimmy Burak|1
1350271561686|1577664000000|false|1099511627929|Album 9 of Jimmy Burak|1
1323978604632|1577664000000|false|755914244250|Album 10 of Jimmy Burak|1
1339159171801|1577664000000|false|962072674459|Album 11 of Jimmy Burak|1
1350845896640|1577664000000|false|1099511627932|Album 12 of Jimmy Burak|1
1356851208537|1577664000000|false|1168231104669|Album 13 of Jimmy Burak|1
1316205747706|1577664000000|false|687194767518|Album 14 of Jimmy Burak|1
1328965316068|1577664000000|false|824633720991|Album 15 of Jimmy Burak|1
1356821319784|1577664000000|false|1168231104672|Album 16 of Jimmy Burak|1
1312395136258|1577664000000|false|618475290787|Album 0 of Celso Oliveira|1
1325818074399|1577664000000|false|755914244260|Album 1 of Celso Oliveira|1
1317274029096|1577664000000|false|687194767525|Album 2 of Celso Oliveira|1
1338226505338|1577664000000|false|962072674470|Album 3 of Celso Oliveira|1
1343099547390|1577664000000|false|1030792151207|Album 4 of Celso Oliveira|1
1315089146143|1577664000000|false|618475290792|Album 5 of Celso Oliveira|1
1327515170435|1577664000000|false|824633721001|Album 6 of Celso Oliveira|1
1332105557101|1577664000000|false|893353197738|Album 7 of Celso Oliveira|1
1333897635878|1577664000000|false|893353197739|Album 8 of Celso Oliveira|1
1321018351005|1577664000000|false|755914244268|Album 9 of Celso Oliveira|1
1319229418368|1577664000000|false|687194767533|Album 10 of Celso Oliveira|1
1327812943724|1577664000000|false|824633721006|Album 11 of Celso Oliveira|1
1309911478782|1577664000000|false|549755814063|Album 12 of Celso Oliveira|1
1323600246902|1577664000000|false|755914244272|Album 13 of Celso Oliveira|1
1327513730909|1577664000000|false|824633721009|Album 14 of Celso Oliveira|1
1335641372053|1577664000000|false|893353197746|Album 15 of Celso Oliveira|1
1330364050972|1577664000000|false|824633721011|Album 16 of Celso Oliveira|1
1313727839765|1577664000000|false|618475290804|Album 17 of Celso Oliveira|1
1317415511855|1577664000000|false|687194767541|Album 18 of Celso Oliveira|1
1306186627999|1577664000000|false|549755814070|Album 19 of Celso Oliveira|1
1332328165961|1577664000000|false|893353197751|Album 20 of Celso Oliveira|1
1332212982828|1577664000000|false|893353197752|Album 21 of Celso Oliveira|1
1313645670335|1577664000000|false|618475290812|Album 0 of Rahul Sharma|1
1356982823800|1577664000000|false|1168231104701|Album 1 of Rahul Sharma|1
1306182472310|1577664000000|false|549755814078|Album 2 of Rahul Sharma|1
1308413156932|1577664000000|false|549755814079|Album 3 of Rahul Sharma|1
1297762178987|1577664000000|false|412316860608|Album 4 of Rahul Sharma|1
1303989810082|1577664000000|false|481036337345|Album 5 of Rahul Sharma|1
1285400312157|1577664000000|false|274877907138|Album 6 of Rahul Sharma|1
1294083939956|1577664000000|false|343597383875|Album 7 of Rahul Sharma|1
1350783253159|1577664000000|false|1099511627972|Album 8 of Rahul Sharma|1
1349729605968|1577664000000|false|1099511627973|Album 9 of Rahul Sharma|1
1289859889790|1577664000000|false|343597383878|Album 10 of Rahul Sharma|1
1312735563517|1577664000000|false|618475290823|Album 11 of Rahul Sharma|1
1323584384094|1577664000000|false|755914244296|Album 12 of Rahul Sharma|1
1316225100625|1577664000000|false|687194767561|Album 13 of Rahul Sharma|1
1291445872596|1577664000000|false|343597383882|Album 14 of Rahul Sharma|1
1300526283211|1577664000000|false|481036337355|Album 15 of Rahul Sharma|1
1352109658962|1577664000000|false|1099511627980|Album 16 of Rahul Sharma|1
1337162814176|1577664000000|false|962072674509|Album 17 of Rahul Sharma|1
1287720980804|1577664000000|false|274877907150|Album 18 of Rahul Sharma|1
1326253149456|1577664000000|false|824633721039|Album 19 of Rahul Sharma|1
1312601104701|1577664000000|false|618475290832|Album 20 of Rahul Sharma|1
1334891373181|1577664000000|false|893353197777|Album 21 of Rahul Sharma|1
1327025739131|1577664000000|false|824633721042|Album 22 of Rahul Sharma|1
1294743144731|1577664000000|false|412316860627|Album 23 of Rahul Sharma|1
1342938611538|1577664000000|false|1030792151252|Album 24 of Rahul Sharma|1
1289841314922|1577664000000|false|343597383893|Album 25 of Rahul Sharma|1
1336848969181|1577664000000|false|962072674518|Album 26 of Rahul Sharma|1
1349687895877|1577664000000|false|1099511627992|Album 0 of Ali Ferrer|1
1337687913951|1577664000000|false|962072674521|Album 1 of Ali Ferrer|1
1345366444141|1577664000000|false|1030792151258|Album 2 of Ali Ferrer|1
1335521290930|1577664000000|false|893353197787|Album 3 of Ali Ferrer|1
1344820513514|1577664000000|false|1030792151260|Album 4 of Ali Ferrer|1
1339720198569|1577664000000|false|962072674525|Album 5 of Ali Ferrer|1
1356857197437|1577664000000|false|1168231104734|Album 6 of Ali Ferrer|1
1351050047249|1577664000000|false|1099511627999|Album 7 of Ali Ferrer|1
1349106475241|1577664000000|false|1099511628005|Album 0 of Adje van den Berg Vries|1
1331716639407|1577664000000|false|893353197798|Album 1 of Adje van den Berg Vries|1
1293758930716|1577664000000|false|343597383911|Album 2 of Adje van den Berg Vries|1
1345281989126|1577664000000|false|1030792151272|Album 3 of Adje van den Berg Vries|1
1324237439547|1577664000000|false|755914244329|Album 4 of Adje van den Berg Vries|1
1321090425611|1577664000000|false|755914244330|Album 5 of Adje van den Berg Vries|1
1325058919732|1577664000000|false|755914244331|Album 6 of Adje van den Berg Vries|1
1322917900216|1577664000000|false|755914244332|Album 7 of Adje van den Berg Vries|1
1354922025808|1577664000000|false|1168231104749|Album 8 of Adje van den Berg Vries|1
1293482479355|1577664000000|false|343597383918|Album 9 of Adje van den Berg Vries|1
1322232879891|1577664000000|false|755914244335|Album 10 of Adje van den Berg Vries|1
1343425343405|1577664000000|false|1030792151280|Album 11 of Adje van den Berg Vries|1
1319932877549|1577664000000|false|687194767601|Album 12 of Adje van den Berg Vries|1
1312491982011|1577664000000|false|618475290866|Album 13 of Adje van den Berg Vries|1
1356626504440|1577664000000|false|1168231104755|Album 14 of Adje van den Berg Vries|1
1312226834756|1577664000000|false|618475290868|Album 15 of Adje van den Berg Vries|1
1309366921032|1577664000000|false|549755814133|Album 16 of Adje van den Berg Vries|1
1337241394071|1577664000000|false|962072674550|Album 17 of Adje van den Berg Vries|1
1314581444869|1577664000000|false|618475290871|Album 18 of Adje van den Berg Vries|1
1336659902566|1577664000000|false|962072674552|Album 19 of Adje van den Berg Vries|1
1324842192030|1577664000000|false|755914244345|Album 20 of Adje van den Berg Vries|1
1313493005950|1577664000000|false|618475290874|Album 21 of Adje van den Berg Vries|1
1342388691085|1577664000000|false|1030792151291|Album 22 of Adje van den Berg Vries|1
1309992366920|1577664000000|false|549755814140|Album 23 of Adje van den Berg Vries|1
1315761583000|1577664000000|false|687194767613|Album 24 of Adje van den Berg Vries|1
1356680926697|1577664000000|false|1168231104769|Album 0 of Ashok Singh|1
1350089312285|1577664000000|false|1099511628034|Album 1 of Ashok Singh|1
1350518450334|1577664000000|false|1099511628035|Album 2 of Ashok Singh|1
1351165940285|1577664000000|false|1099511628036|Album 3 of Ashok Singh|1
1354480957697|1577664000000|false|1168231104774|Album 0 of Wolfgang Bauer|1
1328273604104|1577664000000|false|824633721096|Album 0 of Alejandro Garcia|1
1319270345136|1577664000000|false|687194767625|Album 1 of Alejandro Garcia|1
1333381063300|1577664000000|false|893353197834|Album 2 of Alejandro Garcia|1
1349360165243|1577664000000|false|1099511628043|Album 3 of Alejandro Garcia|1
1337383841531|1577664000000|false|962072674572|Album 4 of Alejandro Garcia|1
1348548137848|1577664000000|false|1099511628045|Album 5 of Alejandro Garcia|1
1288955909067|1577664000000|false|343597383950|Album 6 of Alejandro Garcia|1
1289360400307|1577664000000|false|343597383951|Album 7 of Alejandro Garcia|1
1351794792756|1577664000000|false|1099511628048|Album 8 of Alejandro Garcia|1
1283280379285|1577664000000|false|206158430481|Album 9 of Alejandro Garcia|1
1328443210113|1577664000000|false|824633721106|Album 10 of Alejandro Garcia|1
1327036249399|1577664000000|false|824633721107|Album 11 of Alejandro Garcia|1
1353859373078|1577664000000|false|1168231104788|Album 12 of Alejandro Garcia|1
1338345664869|1577664000000|false|962072674581|Album 13 of Alejandro Garcia|1
1295165045368|1577664000000|false|412316860694|Album 14 of Alejandro Garcia|1
1330607968610|1577664000000|false|824633721111|Album 15 of Alejandro Garcia|1
1331769957308|1577664000000|false|893353197848|Album 16 of Alejandro Garcia|1
1352325509281|1577664000000|false|1099511628057|Album 17 of Alejandro Garcia|1
1329332461559|1577664000000|false|824633721114|Album 18 of Alejandro Garcia|1
1287230293521|1577664000000|false|274877907227|Album 19 of Alejandro Garcia|1
1290832100126|1577664000000|false|343597383964|Album 20 of Alejandro Garcia|1
1323274962346|1577664000000|false|755914244381|Album 21 of Alejandro Garcia|1
1294174597174|1577664000000|false|412316860702|Album 22 of Alejandro Garcia|1
1340753631067|1577664000000|false|962072674591|Album 23 of Alejandro Garcia|1
1284408518551|1577664000000|false|274877907232|Album 24 of Alejandro Garcia|1
1345620241643|1577664000000|false|1030792151329|Album 25 of Alejandro Garcia|1
1352291789359|1577664000000|false|1099511628066|Album 26 of Alejandro Garcia|1
1325001148154|1577664000000|false|755914244387|Album 27 of Alejandro Garcia|1
1322886806486|1577664000000|false|755914244388|Album 28 of Alejandro Garcia|1
1325401321307|1577664000000|false|755914244390|Album 0 of Ali Achiou|1
1338072695007|1577664000000|false|962072674599|Album 1 of Ali Achiou|1
1334998398567|1577664000000|false|893353197864|Album 2 of Ali Achiou|1
1285346815864|1577664000000|false|274877907241|Album 3 of Ali Achiou|1
1275043741301|1577664000000|false|137438953770|Album 4 of Ali Achiou|1
1274664826452|1577664000000|false|137438953771|Album 5 of Ali Achiou|1
1312330329485|1577664000000|false|618475290924|Album 6 of Ali Achiou|1
1281072231743|1294567060929|true|206158430509|Album 7 of Ali Achiou|1
1353287832414|1577664000000|false|1168231104814|Album 8 of Ali Achiou|1
1347568795466|1577664000000|false|1099511628079|Album 9 of Ali Achiou|1
1298628958744|1577664000000|false|412316860720|Album 10 of Ali Achiou|1
1272493846453|1577664000000|false|68719477041|Album 11 of Ali Achiou|1
1342231546317|1577664000000|false|1030792151346|Album 12 of Ali Achiou|1
1272467331130|1577664000000|false|68719477043|Album 13 of Ali Achiou|1
1356660205145|1577664000000|false|1168231104820|Album 14 of Ali Achiou|1
1323536877411|1577664000000|false|755914244405|Album 15 of Ali Achiou|1
1300914379111|1577664000000|false|481036337462|Album 16 of Ali Achiou|1
1315222561644|1577664000000|false|618475290935|Album 17 of Ali Achiou|1
1287209856215|1577664000000|false|274877907256|Album 18 of Ali Achiou|1
1300169215444|1577664000000|false|481036337465|Album 19 of Ali Achiou|1
1355429784019|1577664000000|false|1168231104826|Album 20 of Ali Achiou|1
1303910260241|1577664000000|false|481036337467|Album 21 of Ali Achiou|1
1323667728530|1577664000000|false|755914244412|Album 22 of Ali Achiou|1
1323622417351|1577664000000|false|755914244413|Album 23 of Ali Achiou|1
1314799001077|1577664000000|false|618475290942|Album 24 of Ali Achiou|1
1334524452966|1577664000000|false|893353197887|Album 25 of Ali Achiou|1
1293793143464|1577664000000|false|343597384000|Album 26 of Ali Achiou|1
1309218975846|1577664000000|false|549755814209|Album 27 of Ali Achiou|1
1304213565092|1577664000000|false|481036337474|Album 28 of Ali Achiou|1
1296031400767|1577664000000|false|412316860739|Album 29 of Ali Achiou|1
1355711545166|1577664000000|false|1168231104836|Album 30 of Ali Achiou|1
1342893621104|1577664000000|false|1030792151365|Album 31 of Ali Achiou|1
1325686196986|1577664000000|false|755914244422|Album 32 of Ali Achiou|1
1333404823975|1577664000000|false|893353197901|Album 0 of Jun Li|1
1347739737686|1577664000000|false|1099511628110|Album 1 of Jun Li|1
1330760821185|1577664000000|false|824633721167|Album 2 of Jun Li|1
1332729636730|1577664000000|false|893353197904|Album 3 of Jun Li|1
1355036785178|1577664000000|false|1168231104849|Album 4 of Jun Li|1
1323261926775|1577664000000|false|755914244434|Album 5 of Jun Li|1
1340519558365|1577664000000|false|962072674643|Album 6 of Jun Li|1
1350685431995|1577664000000|false|1099511628116|Album 7 of Jun Li|1
1331417052624|1577664000000|false|893353197909|Album 8 of Jun Li|1
1348755180310|1577664000000|false|1099511628118|Album 9 of Jun Li|1
1320135286326|1577664000000|false|687194767703|Album 10 of Jun Li|1
1341041047779|1577664000000|false|962072674648|Album 11 of Jun Li|1
1322215253635|1577664000000|false|755914244441|Album 12 of Jun Li|1
1340216664154|1577664000000|false|962072674650|Album 13 of Jun Li|1
1355361169299|1577664000000|false|1168231104860|Album 0 of Neil Murray|1
1319883107993|1328030985363|false|687194767710|Album 0 of John Kumar|1
1290171142217|1328030985363|false|343597384031|Album 1 of John Kumar|1
1314596043936|1328030985363|false|618475290976|Album 2 of John Kumar|1
1302803641298|1328030985363|false|481036337505|Album 3 of John Kumar|1
1315442191519|1328030985363|false|687194767714|Album 4 of John Kumar|1
1285813355844|1328030985363|false|274877907299|Album 5 of John Kumar|1
1326698833752|1328030985363|false|824633721188|Album 6 of John Kumar|1
1296738506438|1328030985363|false|412316860773|Album 7 of John Kumar|1
1323259611317|1328030985363|false|755914244454|Album 8 of John Kumar|1
1312761086498|1328030985363|false|618475290983|Album 9 of John Kumar|1
1295149536416|1328030985363|false|412316860776|Album 10 of John Kumar|1
1288727019818|1328030985363|false|274877907305|Album 11 of John Kumar|1
1300126950451|1328030985363|false|481036337514|Album 12 of John Kumar|1
1308389960076|1328030985363|false|549755814251|Album 13 of John Kumar|1
1323486589457|1328030985363|false|755914244460|Album 14 of John Kumar|1
1313972977754|1328030985363|false|618475290989|Album 15 of John Kumar|1
1317270347064|1328030985363|false|687194767726|Album 16 of John Kumar|1
1309470373050|1328030985363|false|549755814255|Album 17 of John Kumar|1
1296201270228|1317565929117|true|412316860784|Album 18 of John Kumar|1
1286269677234|1328030985363|false|274877907313|Album 19 of John Kumar|1
1308064268996|1326700206471|true|549755814258|Album 20 of John Kumar|1
1304287656213|1328030985363|false|481036337523|Album 21 of John Kumar|1
1301995902754|1328030985363|false|481036337524|Album 22 of John Kumar|1
1313126559432|1328030985363|false|618475290997|Album 23 of John Kumar|1
1303616207827|1328030985363|false|481036337526|Album 24 of John Kumar|1
1304531930612|1328030985363|false|481036337527|Album 25 of John Kumar|1
1308000760548|1328030985363|false|549755814264|Album 26 of John Kumar|1
1281813321638|1577664000000|false|206158430586|Album 0 of Miguel Gonzalez|1
1282049613475|1577664000000|false|206158430587|Album 1 of Miguel Gonzalez|1
1349909499322|1577664000000|false|1099511628156|Album 2 of Miguel Gonzalez|1
1276015437488|1577664000000|false|137438953853|Album 3 of Miguel Gonzalez|1
1296728141975|1577664000000|false|412316860798|Album 4 of Miguel Gonzalez|1
1319409560475|1577664000000|false|687194767743|Album 5 of Miguel Gonzalez|1
1300949498119|1577664000000|false|481036337536|Album 6 of Miguel Gonzalez|1
1325001769674|1577664000000|false|755914244481|Album 7 of Miguel Gonzalez|1
1351261828417|1577664000000|false|1099511628162|Album 8 of Miguel Gonzalez|1
1273071553576|1577664000000|false|137438953859|Album 9 of Miguel Gonzalez|1
1284027505220|1577664000000|false|274877907332|Album 10 of Miguel Gonzalez|1
1334737584979|1577664000000|false|893353197957|Album 11 of Miguel Gonzalez|1
1304076803029|1577664000000|false|481036337542|Album 12 of Miguel Gonzalez|1
1311763012628|1577664000000|false|618475291015|Album 13 of Miguel Gonzalez|1
1330291826165|1577664000000|false|824633721224|Album 14 of Miguel Gonzalez|1
1285495524599|1577664000000|false|274877907337|Album 15 of Miguel Gonzalez|1
1292175565329|1577664000000|false|343597384074|Album 16 of Miguel Gonzalez|1
1348690937859|1577664000000|false|1099511628171|Album 17 of Miguel Gonzalez|1
1286414446739|1577664000000|false|274877907340|Album 18 of Miguel Gonzalez|1
1303956930224|1577664000000|false|481036337549|Album 19 of Miguel Gonzalez|1
1278412541240|1577664000000|false|206158430606|Album 20 of Miguel Gonzalez|1
1340306205739|1577664000000|false|962072674703|Album 21 of Miguel Gonzalez|1
1326257107465|1577664000000|false|824633721232|Album 22 of Miguel Gonzalez|1
1289972154892|1577664000000|false|343597384081|Album 23 of Miguel Gonzalez|1
1351712505752|1577664000000|false|1099511628178|Album 24 of Miguel Gonzalez|1
1302749441308|1577664000000|false|481036337555|Album 25 of Miguel Gonzalez|1
1293040353579|1577664000000|false|343597384084|Album 26 of Miguel Gonzalez|1
1326567381850|1577664000000|false|824633721237|Album 27 of Miguel Gonzalez|1
1332676912774|1577664000000|false|893353197974|Album 28 of Miguel Gonzalez|1
1318574757496|1577664000000|false|687194767767|Album 29 of Miguel Gonzalez|1
1279501606785|1577664000000|false|206158430616|Album 30 of Miguel Gonzalez|1
1306690189013|1577664000000|false|549755814297|Album 31 of Miguel Gonzalez|1
1269196254126|1577664000000|false|68719477146|Album 32 of Miguel Gonzalez|1
1267654384283|1577664000000|false|68719477147|Album 33 of Miguel Gonzalez|1
1271538843817|1577664000000|false|68719477148|Album 34 of Miguel Gonzalez|1
1336485971938|1577664000000|false|893353197986|Album 0 of John Khan|1
1331055170732|1577664000000|false|824633721251|Album 1 of John Khan|1
1355197892300|1577664000000|false|1168231104932|Album 2 of John Khan|1
1321258998765|1577664000000|false|755914244517|Album 3 of John Khan|1
1322490340802|1577664000000|false|755914244518|Album 4 of John Khan|1
1324968473888|1577664000000|false|755914244519|Album 5 of John Khan|1
1331722127534|1577664000000|false|893353197992|Album 6 of John Khan|1
1342121151457|1577664000000|false|1030792151465|Album 7 of John Khan|1
1338043487660|1577664000000|false|962072674730|Album 8 of John Khan|1
1340116827084|1577664000000|false|962072674731|Album 9 of John Khan|1
1342393251056|1577664000000|false|1030792151468|Album 10 of John Khan|1
1341917626536|1577664000000|false|1030792151469|Album 11 of John Khan|1
1317228349613|1577664000000|false|687194767790|Album 12 of John Khan|1
1355761661271|1577664000000|false|1168231104943|Album 13 of John Khan|1
1341258429963|1577664000000|false|962072674736|Album 14 of John Khan|1
1334740754033|1577664000000|false|893353198001|Album 15 of John Khan|1
1341398511104|1577664000000|false|962072674738|Album 16 of John Khan|1
1344853686239|1577664000000|false|1030792151476|Album 0 of Yahya Ould Ahmed El Abdallahi|1
1356494066816|1577664000000|false|1168231104949|Album 1 of Yahya Ould Ahmed El Abdallahi|1
1336160624746|1577664000000|false|893353198006|Album 2 of Yahya Ould Ahmed El Abdallahi|1
1348608984952|1577664000000|false|1099511628215|Album 3 of Yahya Ould Ahmed El Abdallahi|1
1335082519850|1577664000000|false|893353198008|Album 4 of Yahya Ould Ahmed El Abdallahi|1
1339978763344|1577664000000|false|962072674745|Album 5 of Yahya Ould Ahmed El Abdallahi|1
1356271114560|1577664000000|false|1168231104954|Album 6 of Yahya Ould Ahmed El Abdallahi|1
1352095865060|1577664000000|false|1099511628219|Album 7 of Yahya Ould Ahmed El Abdallahi|1
1341933747651|1577664000000|false|1030792151484|Album 8 of Yahya Ould Ahmed El Abdallahi|1
1347925695060|1577664000000|false|1099511628222|Album 0 of Hans Johansson|1
1335786197089|1577664000000|false|893353198015|Album 1 of Hans Johansson|1
1339812703743|1577664000000|false|962072674752|Album 2 of Hans Johansson|1
1348848042320|1577664000000|false|1099511628225|Album 3 of Hans Johansson|1
1349938102506|1577664000000|false|1099511628226|Album 4 of Hans Johansson|1
1345757792040|1577664000000|false|1030792151491|Album 5 of Hans Johansson|1
1351473861238|1577664000000|false|1099511628228|Album 6 of Hans Johansson|1
1335761812820|1577664000000|false|893353198021|Album 7 of Hans Johansson|1
1337820560561|1577664000000|false|962072674760|Album 0 of Ken Yamada|1
1347381283559|1577664000000|false|1099511628233|Album 1 of Ken Yamada|1
1339883897763|1577664000000|false|962072674762|Album 2 of Ken Yamada|1
1296445765621|1577664000000|false|412316860875|Album 3 of Ken Yamada|1
1299846005891|1577664000000|false|481036337612|Album 4 of Ken Yamada|1
1347196967746|1577664000000|false|1099511628237|Album 5 of Ken Yamada|1
1300484556012|1577664000000|false|481036337614|Album 6 of Ken Yamada|1
1314972974801|1577664000000|false|618475291087|Album 7 of Ken Yamada|1
1328891524904|1577664000000|false|824633721296|Album 8 of Ken Yamada|1
1322765547197|1577664000000|false|755914244561|Album 9 of Ken Yamada|1
1343654465469|1577664000000|false|1030792151506|Album 10 of Ken Yamada|1
1311807952123|1577664000000|false|618475291091|Album 11 of Ken Yamada|1
1319660360801|1577664000000|false|687194767828|Album 12 of Ken Yamada|1
1303313952931|1577664000000|false|481036337621|Album 13 of Ken Yamada|1
1351229839299|1577664000000|false|1099511628246|Album 14 of Ken Yamada|1
1313654554799|1577664000000|false|618475291095|Album 15 of Ken Yamada|1
1305613602237|1577664000000|false|549755814360|Album 16 of Ken Yamada|1
1328143979849|1577664000000|false|824633721305|Album 17 of Ken Yamada|1
1341752896888|1577664000000|false|962072674778|Album 18 of Ken Yamada|1
1297471208170|1577664000000|false|412316860891|Album 19 of Ken Yamada|1
1351409049853|1577664000000|false|1099511628252|Album 20 of Ken Yamada|1
1331999570271|1577664000000|false|893353198045|Album 21 of Ken Yamada|1
1354132313123|1577664000000|false|1168231104990|Album 22 of Ken Yamada|1
1308488597823|1577664000000|false|549755814367|Album 23 of Ken Yamada|1
