creationDate|id|locationIP|browserUsed|content|length|creator|place|replyOfPost|replyOfComment
2012-12-20T00:12:26.688Z|1168231106786|31.24.165.15|Firefox|About Beautiful Vision, en released, peaking at number 31 on the UK album charts an|83|10995116277808|89|1168231106783|""
2012-12-20T05:41:06.665Z|1168231106788|31.185.10.92|Internet Explorer|yes|3|30786325577731|56|1168231106783|""
2012-12-20T07:14:57.545Z|1168231106849|31.192.109.124|Internet Explorer|ok|2|26388279066668|56|""|1168231106840
2012-12-20T13:46:01.068Z|1168231106784|31.182.127.125|Internet Explorer|yes|3|17592186044443|92|1168231106783|""
2012-12-20T16:19:41.196Z|1168231106789|91.223.132.248|Internet Explorer|cool|4|10995116277761|78|1168231106783|""
2012-12-20T21:52:54.877Z|1168231106790|196.1.135.241|Internet Explorer|right|5|30786325577740|71|""|1168231106786
