creationDate|id|locationIP|browserUsed|content|length|creator|place|replyOfPost|replyOfComment
2012-12-22T14:16:15.987Z|1168231109179|31.182.127.125|Internet Explorer|fine|4|17592186044443|92|1168231109178|""
2012-12-22T14:29:33.746Z|1168231109183|27.116.34.47|Chrome|About Fernando González,  held the top spot), Novak Djokovic, RafAbout Sing Si|78|13194139533355|0|1168231109178|""
2012-12-22T15:13:58.422Z|1168231109186|31.192.109.124|Internet Explorer|About Fernando González,  in history to have won each Olympic medal (gold in About Benjamin Britten, t|102|26388279066668|56|""|1168231109183
2012-12-22T18:57:30.578Z|1168231107135|27.131.221.93|Internet Explorer|fine|4|21990232555526|1|1168231107124|""
2012-12-22T20:47:52.061Z|1168231107126|31.209.42.207|Internet Explorer|yes|3|13194139533342|101|1168231107124|""
2012-12-22T21:19:50.356Z|1168231107134|1.29.220.142|Chrome|About The Everly Brothers, ose harmony singing. The group was elected to th|75|21990232555527|1|1168231107124|""
2012-12-22T22:24:47.135Z|1168231109185|27.121.123.176|Chrome|maybe|5|32985348833291|1|1168231109178|""
