creationDate|id|imageFile|locationIP|browserUsed|language|content|length|Forum.id
2012-09-23T06:56:56.718+00:00|1099511632283|photo1099511632283.jpg|148.204.226.31|Chrome|""|""|0|1099511628176
2012-09-23T06:56:57.718+00:00|1099511632284|photo1099511632284.jpg|148.204.226.31|Chrome|""|""|0|1099511628176
2012-09-23T06:56:58.718+00:00|1099511632285|photo1099511632285.jpg|148.204.226.31|Chrome|""|""|0|1099511628176
2012-09-23T06:56:59.718+00:00|1099511632286|photo1099511632286.jpg|148.204.226.31|Chrome|""|""|0|1099511628176
2012-09-23T06:57:00.718+00:00|1099511632287|photo1099511632287.jpg|148.204.226.31|Chrome|""|""|0|1099511628176
2012-09-23T06:57:01.718+00:00|1099511632288|photo1099511632288.jpg|148.204.226.31|Chrome|""|""|0|1099511628176
2012-09-23T06:57:02.718+00:00|1099511632289|photo1099511632289.jpg|148.204.226.31|Chrome|""|""|0|1099511628176
2012-09-23T06:57:03.718+00:00|1099511632290|photo1099511632290.jpg|148.204.226.31|Chrome|""|""|0|1099511628176
2012-09-23T06:57:04.718+00:00|1099511632291|photo1099511632291.jpg|148.204.226.31|Chrome|""|""|0|1099511628176
2012-09-23T06:57:05.718+00:00|1099511632292|photo1099511632292.jpg|148.204.226.31|Chrome|""|""|0|1099511628176
2012-09-23T06:57:06.718+00:00|1099511632293|photo1099511632293.jpg|148.204.226.31|Chrome|""|""|0|1099511628176
2012-09-23T06:57:07.718+00:00|1099511632294|photo1099511632294.jpg|148.204.226.31|Chrome|""|""|0|1099511628176
2012-09-23T06:57:08.718+00:00|1099511632295|photo1099511632295.jpg|148.204.226.31|Chrome|""|""|0|1099511628176
2012-09-23T06:57:09.718+00:00|1099511632296|photo1099511632296.jpg|148.204.226.31|Chrome|""|""|0|1099511628176
2012-09-23T06:57:10.718+00:00|1099511632297|photo1099511632297.jpg|148.204.226.31|Chrome|""|""|0|1099511628176
2012-09-23T06:57:11.718+00:00|1099511632298|photo1099511632298.jpg|148.204.226.31|Chrome|""|""|0|1099511628176
2012-09-23T06:57:12.718+00:00|1099511632299|photo1099511632299.jpg|148.204.226.31|Chrome|""|""|0|1099511628176
2012-09-23T06:57:13.718+00:00|1099511632300|photo1099511632300.jpg|148.204.226.31|Chrome|""|""|0|1099511628176
2012-09-23T06:57:14.718+00:00|1099511632301|photo1099511632301.jpg|148.204.226.31|Chrome|""|""|0|1099511628176
2012-09-23T06:57:15.718+00:00|1099511632302|photo1099511632302.jpg|148.204.226.31|Chrome|""|""|0|1099511628176
