creationDate|id|imageFile|locationIP|browserUsed|language|content|length|creator|Forum.id|place
2012-09-15T14:29:23.180Z|1099511630494|""|31.41.169.140|Chrome|uz|About Khalid Sheikh Mohammed, sterminding the SeptAbout Paul the Apostle,  symbolic precursorsAb|96|16|962072674532|92
2012-09-15T15:57:08.180Z|1099511630523|""|61.16.136.118|Chrome|uz|About Khalid Sheikh Mohammed,  World Trade Center 19About Graham Greene,  of the Affa|85|8796093022244|962072674532|0
2012-09-15T20:09:53.180Z|1099511630432|""|186.64.7.5|Firefox|uz|About Khalid Sheikh Mohammed, s a member of Osama bin Laden's terrAbout Belgium,  French-speaking enclave|106|26388279066658|962072674532|61
2012-09-15T20:10:38.180Z|1099511630440|""|192.100.158.95|Internet Explorer|uz|About Jawaharlal Nehru, f moderate nationalist leadeAbout Khalid Sheikh Mohammed, stan, heading al-Qaeda's p|108|32985348833318|962072674532|53
