creationDate|id|locationIP|browserUsed|content|length|creator|place|replyOfPost|replyOfComment
2012-09-15T16:00:02.884Z|1099511630529|61.16.136.118|Chrome|cool|4|8796093022244|0|1099511630523|""
2012-09-15T20:10:03.501Z|1099511630435|189.202.102.202|Firefox|yes|3|6597069766702|53|1099511630432|""
2012-09-15T20:37:23.022Z|1099511630528|31.182.127.125|Internet Explorer|roflol|6|17592186044443|92|1099511630523|""
2012-09-15T20:52:54.351Z|1099511630441|61.16.136.118|Chrome|About Jawaharlal Nehru, endence for India fAbout Khalid Sheikh Mohammed, de Center bombing|90|8796093022244|0|1099511630440|""
2012-09-15T22:15:53.894Z|1099511630444|27.121.123.176|Chrome|About Jawaharlal Nehru, s of the interAbout Khalid Sheikh Mohammed, a member o|78|32985348833291|1|1099511630440|""
2012-09-15T23:29:53.731Z|1099511630453|193.104.227.215|Internet Explorer|no|2|26388279066641|86|1099511630440|""
