1342605893072|1577664000000|false|28587302322180|1030792157380
1342605893072|1577664000000|false|28587302322180|1030792157380
1342605893072|1577664000000|false|28587302322180|1030792157380
1342605893072|1577664000000|false|28587302322180|1030792157380
1342605893072|1577664000000|false|28587302322180|1030792157380
1342605893072|1577664000000|false|28587302322180|1030792157380
1342605893072|1577664000000|false|28587302322180|1030792157380
1342605893072|1577664000000|false|28587302322180|1030792157380
1342605893072|1577664000000|false|28587302322180|1030792157380
1342605893072|1577664000000|false|28587302322180|1030792157380
1342605893072|1577664000000|false|28587302322180|1030792157380
1342605893072|1577664000000|false|28587302322180|1030792157380
1342605893072|1577664000000|false|28587302322180|1030792157380
1342605893072|1577664000000|false|28587302322180|1030792157380
1342605893072|1577664000000|false|28587302322180|1030792157380
1342605893072|1577664000000|false|28587302322180|1030792157380
1342605893072|1577664000000|false|28587302322180|1030792157380
1342605893072|1577664000000|false|28587302322180|1030792157380
1342605893072|1577664000000|false|28587302322180|1030792157380
1342605893072|1577664000000|false|28587302322180|1030792157380
1342605893072|1577664000000|false|28587302322180|1030792157380
1342605893072|1577664000000|false|28587302322180|1030792157380
1342605893072|1577664000000|false|28587302322180|1030792157380
1342605893072|1577664000000|false|28587302322180|1030792157380
1342605893072|1577664000000|false|28587302322180|1030792157380
1342605893072|1577664000000|false|28587302322180|1030792157380
1342605893072|1577664000000|false|28587302322180|1030792157380
1342605893072|1577664000000|false|28587302322180|1030792157380
1342605893072|1577664000000|false|28587302322180|1030792157380
1342605893072|1577664000000|false|28587302322180|1030792157380
1342605893072|1577664000000|false|28587302322180|1030792157380
1342605893072|1577664000000|false|28587302322180|1030792157380
1342605893072|1577664000000|false|28587302322180|1030792157380
1342605893072|1577664000000|false|28587302322180|1030792157380
1342605893072|1577664000000|false|28587302322180|1030792157380
1342605893072|1577664000000|false|28587302322180|1030792157380
1342605893072|1577664000000|false|28587302322180|1030792157380
1342605893072|1577664000000|false|28587302322180|1030792157380
1342605893072|1577664000000|false|28587302322180|1030792157380
1342605893072|1577664000000|false|28587302322180|1030792157380
1342605893072|1577664000000|false|28587302322180|1030792157380
1342605893072|1577664000000|false|28587302322180|1030792157380
1342605893072|1577664000000|false|28587302322180|1030792157380
1342605893072|1577664000000|false|28587302322180|1030792157380
1342605893072|1577664000000|false|28587302322180|1030792157380
1342605893072|1577664000000|false|28587302322180|1030792157380
1342605893072|1577664000000|false|28587302322180|1030792157380
1342605893072|1577664000000|false|28587302322180|1030792157380
1342605893072|1577664000000|false|28587302322180|1030792157380
1342605893072|1577664000000|false|28587302322180|1030792157380
1342605893072|1577664000000|false|28587302322180|1030792157380
1342605893072|1577664000000|false|28587302322180|1030792157380
1342605893072|1577664000000|false|28587302322180|1030792157380
1342605893072|1577664000000|false|28587302322180|1030792157380
1342605893072|1577664000000|false|28587302322180|1030792157380
1342605893072|1577664000000|false|28587302322180|1030792157380
1342605893072|1577664000000|false|28587302322180|1030792157380
1342605893072|1577664000000|false|28587302322180|1030792157380
1342605893072|1577664000000|false|28587302322180|1030792157380
1342605893072|1577664000000|false|28587302322180|1030792157380
1342605893072|1577664000000|false|28587302322180|1030792157380
1342605893072|1577664000000|false|28587302322180|1030792157380
1342605893072|1577664000000|false|28587302322180|1030792157380
