1298880819086|1577664000000|false|206158430228|13194139533343|ALBUM
1313907085212|1577664000000|false|206158430228|19791209300010|ALBUM
1329767040441|1577664000000|false|206158430228|26388279066664|ALBUM
1333102282788|1577664000000|false|206158430228|28587302322180|ALBUM
1353963233769|1577664000000|false|206158430228|37383395344412|ALBUM
1313907085212|1577664000000|false|343597383701|19791209300010|ALBUM
1329767040441|1577664000000|false|343597383701|26388279066664|ALBUM
1333102282788|1577664000000|false|343597383701|28587302322180|ALBUM
1353963233769|1577664000000|false|343597383701|37383395344412|ALBUM
1299277409871|1577664000000|false|412316860438|13194139533343|ALBUM
1313907085212|1577664000000|false|412316860438|19791209300010|ALBUM
1329767040441|1577664000000|false|412316860438|26388279066664|ALBUM
1353963233769|1577664000000|false|412316860438|37383395344412|ALBUM
1306565371706|1577664000000|false|549755813911|13194139533343|ALBUM
1313907085212|1577664000000|false|549755813911|19791209300010|ALBUM
1329767040441|1577664000000|false|549755813911|26388279066664|ALBUM
1333102282788|1577664000000|false|549755813911|28587302322180|ALBUM
1318955082318|1577664000000|false|687194767384|13194139533343|ALBUM
1318955082318|1577664000000|false|687194767384|19791209300010|ALBUM
1333102282788|1577664000000|false|687194767384|28587302322180|ALBUM
1353963233769|1577664000000|false|687194767384|37383395344412|ALBUM
1348608240480|1577664000000|false|1099511627801|19791209300010|ALBUM
1348608240480|1577664000000|false|1099511627801|28587302322180|ALBUM
1353963233769|1577664000000|false|1099511627801|37383395344412|ALBUM
1298880819086|1577664000000|false|343597383706|13194139533343|ALBUM
1313907085212|1577664000000|false|343597383706|19791209300010|ALBUM
1333102282788|1577664000000|false|343597383706|28587302322180|ALBUM
1353963233769|1577664000000|false|343597383706|37383395344412|ALBUM
1302917748220|1577664000000|false|481036337179|13194139533343|ALBUM
1313907085212|1577664000000|false|481036337179|19791209300010|ALBUM
1333102282788|1577664000000|false|481036337179|28587302322180|ALBUM
1353963233769|1577664000000|false|481036337179|37383395344412|ALBUM
1329956527629|1577664000000|false|824633720860|19791209300010|ALBUM
1329956527629|1577664000000|false|824633720860|26388279066664|ALBUM
1311997066228|1577664000000|false|618475290653|13194139533343|ALBUM
1329767040441|1577664000000|false|618475290653|26388279066664|ALBUM
1333102282788|1577664000000|false|618475290653|28587302322180|ALBUM
1298880819086|1577664000000|false|68719476766|13194139533343|ALBUM
1313907085212|1577664000000|false|68719476766|19791209300010|ALBUM
1333102282788|1577664000000|false|68719476766|28587302322180|ALBUM
1298880819086|1577664000000|false|137438953503|13194139533343|ALBUM
1313907085212|1577664000000|false|137438953503|19791209300010|ALBUM
1329767040441|1577664000000|false|137438953503|26388279066664|ALBUM
1333102282788|1577664000000|false|137438953503|28587302322180|ALBUM
1353963233769|1577664000000|false|137438953503|37383395344412|ALBUM
1313907085212|1577664000000|false|343597383712|19791209300010|ALBUM
1329767040441|1577664000000|false|343597383712|26388279066664|ALBUM
1353963233769|1577664000000|false|343597383712|37383395344412|ALBUM
1298880819086|1577664000000|false|137438953505|13194139533343|ALBUM
1313907085212|1577664000000|false|137438953505|19791209300010|ALBUM
1329767040441|1577664000000|false|137438953505|26388279066664|ALBUM
1333102282788|1577664000000|false|137438953505|28587302322180|ALBUM
1353963233769|1577664000000|false|137438953505|37383395344412|ALBUM
1313907085212|1577664000000|false|549755813922|19791209300010|ALBUM
1329767040441|1577664000000|false|549755813922|26388279066664|ALBUM
1333102282788|1577664000000|false|549755813922|28587302322180|ALBUM
1327082517397|1577664000000|false|824633720867|13194139533343|ALBUM
1327082517397|1577664000000|false|824633720867|19791209300010|ALBUM
1329767040441|1577664000000|false|824633720867|26388279066664|ALBUM
1333102282788|1577664000000|false|824633720867|28587302322180|ALBUM
1353963233769|1577664000000|false|824633720867|37383395344412|ALBUM
1332016347144|1577664000000|false|893353197604|19791209300010|ALBUM
1332016347144|1577664000000|false|893353197604|26388279066664|ALBUM
1333102282788|1577664000000|false|893353197604|28587302322180|ALBUM
1353963233769|1577664000000|false|893353197604|37383395344412|ALBUM
1313907085212|1577664000000|false|481036337189|19791209300010|ALBUM
1333102282788|1577664000000|false|481036337189|28587302322180|ALBUM
1353963233769|1577664000000|false|481036337189|37383395344412|ALBUM
1323616018776|1577664000000|false|755914244134|13194139533343|ALBUM
1323616018776|1577664000000|false|755914244134|19791209300010|ALBUM
1329767040441|1577664000000|false|755914244134|26388279066664|ALBUM
1333102282788|1577664000000|false|755914244134|28587302322180|ALBUM
1353963233769|1577664000000|false|755914244134|37383395344412|ALBUM
1343980187376|1577664000000|false|1030792151079|13194139533343|ALBUM
1343980187376|1577664000000|false|1030792151079|28587302322180|ALBUM
1353963233769|1577664000000|false|1030792151079|37383395344412|ALBUM
1335069250452|1577664000000|false|893353197608|13194139533343|ALBUM
1335069250452|1577664000000|false|893353197608|19791209300010|ALBUM
1335069250452|1577664000000|false|893353197608|28587302322180|ALBUM
1329767040441|1577664000000|false|618475290665|26388279066664|ALBUM
1333102282788|1577664000000|false|618475290665|28587302322180|ALBUM
1346258567593|1577664000000|false|1030792151082|13194139533343|ALBUM
1346258567593|1577664000000|false|1030792151082|26388279066664|ALBUM
1346258567593|1577664000000|false|1030792151082|28587302322180|ALBUM
1353963233769|1577664000000|false|1030792151082|37383395344412|ALBUM
1347091099944|1577664000000|false|1030792151083|13194139533343|ALBUM
1347091099944|1577664000000|false|1030792151083|19791209300010|ALBUM
1347091099944|1577664000000|false|1030792151083|26388279066664|ALBUM
1347091099944|1577664000000|false|1030792151083|28587302322180|ALBUM
1353963233769|1577664000000|false|1030792151083|37383395344412|ALBUM
1312890329113|1577664000000|false|618475290668|13194139533343|ALBUM
1313907085212|1577664000000|false|618475290668|19791209300010|ALBUM
1329767040441|1577664000000|false|618475290668|26388279066664|ALBUM
1333102282788|1577664000000|false|618475290668|28587302322180|ALBUM
1300026184931|1577664000000|false|481036337197|13194139533343|ALBUM
1313907085212|1577664000000|false|481036337197|19791209300010|ALBUM
1329767040441|1577664000000|false|481036337197|26388279066664|ALBUM
1353963233769|1577664000000|false|481036337197|37383395344412|ALBUM
1298880819086|1577664000000|false|137438953518|13194139533343|ALBUM
1313907085212|1577664000000|false|137438953518|19791209300010|ALBUM
1333102282788|1577664000000|false|137438953518|28587302322180|ALBUM
1298880819086|1577664000000|false|343597383727|13194139533343|ALBUM
1329767040441|1577664000000|false|343597383727|26388279066664|ALBUM
1333102282788|1577664000000|false|343597383727|28587302322180|ALBUM
1353963233769|1577664000000|false|343597383727|37383395344412|ALBUM
1313907085212|1577664000000|false|343597383728|19791209300010|ALBUM
1329767040441|1577664000000|false|343597383728|26388279066664|ALBUM
1333102282788|1577664000000|false|343597383728|28587302322180|ALBUM
1353963233769|1577664000000|false|343597383728|37383395344412|ALBUM
1313907085212|1577664000000|false|137438953521|19791209300010|ALBUM
1329767040441|1577664000000|false|137438953521|26388279066664|ALBUM
1333102282788|1577664000000|false|137438953521|28587302322180|ALBUM
1353963233769|1577664000000|false|137438953521|37383395344412|ALBUM
1298880819086|1577664000000|false|137438953522|13194139533343|ALBUM
1329767040441|1577664000000|false|137438953522|26388279066664|ALBUM
1353963233769|1577664000000|false|137438953522|37383395344412|ALBUM
1301534824402|1577664000000|false|481036337203|13194139533343|ALBUM
1313907085212|1577664000000|false|481036337203|19791209300010|ALBUM
1333102282788|1577664000000|false|481036337203|28587302322180|ALBUM
1353963233769|1577664000000|false|481036337203|37383395344412|ALBUM
1298880819086|1577664000000|false|412316860468|13194139533343|ALBUM
1313907085212|1577664000000|false|412316860468|19791209300010|ALBUM
1329767040441|1577664000000|false|412316860468|26388279066664|ALBUM
1353963233769|1577664000000|false|412316860468|37383395344412|ALBUM
1319878321173|1577664000000|false|687194767413|13194139533343|ALBUM
1319878321173|1577664000000|false|687194767413|19791209300010|ALBUM
1329767040441|1577664000000|false|687194767413|26388279066664|ALBUM
1333102282788|1577664000000|false|687194767413|28587302322180|ALBUM
1313989872331|1577664000000|false|618475290678|13194139533343|ALBUM
1313989872331|1577664000000|false|618475290678|19791209300010|ALBUM
1329767040441|1577664000000|false|618475290678|26388279066664|ALBUM
1333102282788|1577664000000|false|618475290678|28587302322180|ALBUM
1353963233769|1577664000000|false|618475290678|37383395344412|ALBUM
1343685053860|1577664000000|false|1030792151096|47|ALBUM
1343685053860|1577664000000|false|1030792151096|13194139533343|ALBUM
1343685053860|1577664000000|false|1030792151096|19791209300010|ALBUM
1343685053860|1577664000000|false|1030792151096|26388279066641|ALBUM
1343685053860|1577664000000|false|1030792151096|26388279066664|ALBUM
1351999885404|1577664000000|false|1030792151096|35184372088856|ALBUM
1348883320128|1577664000000|false|1030792151096|35184372088868|ALBUM
1353963233769|1577664000000|false|1030792151096|37383395344412|ALBUM
1340869294550|1577664000000|false|962072674361|16|ALBUM
1340869294550|1577664000000|false|962072674361|27|ALBUM
1340869294550|1577664000000|false|962072674361|4398046511148|ALBUM
1340869294550|1577664000000|false|962072674361|26388279066641|ALBUM
1341276926938|1577664000000|false|962072674361|30786325577731|ALBUM
1351999885404|1577664000000|false|962072674361|35184372088856|ALBUM
1348883320128|1577664000000|false|962072674361|35184372088868|ALBUM
1353963233769|1577664000000|false|962072674361|37383395344412|ALBUM
1349719703240|1577664000000|false|1099511627834|16|ALBUM
1349719703240|1577664000000|false|1099511627834|27|ALBUM
1349719703240|1577664000000|false|1099511627834|47|ALBUM
1349719703240|1577664000000|false|1099511627834|13194139533343|ALBUM
1349719703240|1577664000000|false|1099511627834|19791209300009|ALBUM
1349719703240|1577664000000|false|1099511627834|19791209300010|ALBUM
1349719703240|1577664000000|false|1099511627834|24189255811081|ALBUM
1349719703240|1577664000000|false|1099511627834|26388279066641|ALBUM
1349719703240|1577664000000|false|1099511627834|26388279066664|ALBUM
1344909002544|1577664000000|false|1030792151099|16|ALBUM
1344909002544|1577664000000|false|1030792151099|27|ALBUM
1344909002544|1577664000000|false|1030792151099|47|ALBUM
1344909002544|1577664000000|false|1030792151099|4398046511148|ALBUM
1344909002544|1577664000000|false|1030792151099|10995116277782|ALBUM
1344909002544|1577664000000|false|1030792151099|19791209300009|ALBUM
1344909002544|1577664000000|false|1030792151099|24189255811081|ALBUM
1344909002544|1577664000000|false|1030792151099|26388279066641|ALBUM
1344909002544|1577664000000|false|1030792151099|30786325577731|ALBUM
1351999885404|1577664000000|false|1030792151099|35184372088856|ALBUM
1348883320128|1577664000000|false|1030792151099|35184372088868|ALBUM
1341596683897|1577664000000|false|962072674364|16|ALBUM
1341596683897|1577664000000|false|962072674364|47|ALBUM
1341596683897|1577664000000|false|962072674364|4398046511148|ALBUM
1341596683897|1577664000000|false|962072674364|10995116277782|ALBUM
1341596683897|1577664000000|false|962072674364|13194139533343|ALBUM
1341596683897|1577664000000|false|962072674364|19791209300009|ALBUM
1341596683897|1577664000000|false|962072674364|19791209300010|ALBUM
1341596683897|1577664000000|false|962072674364|24189255811081|ALBUM
1341596683897|1577664000000|false|962072674364|26388279066664|ALBUM
1348883320128|1577664000000|false|962072674364|35184372088868|ALBUM
1353963233769|1577664000000|false|962072674364|37383395344412|ALBUM
1340131062527|1577664000000|false|962072674365|16|ALBUM
1340131062527|1577664000000|false|962072674365|4398046511148|ALBUM
1340131062527|1577664000000|false|962072674365|10995116277782|ALBUM
1340131062527|1577664000000|false|962072674365|13194139533343|ALBUM
1340131062527|1577664000000|false|962072674365|19791209300009|ALBUM
1340131062527|1577664000000|false|962072674365|19791209300010|ALBUM
1340131062527|1577664000000|false|962072674365|24189255811081|ALBUM
1340131062527|1577664000000|false|962072674365|26388279066641|ALBUM
1341276926938|1577664000000|false|962072674365|30786325577731|ALBUM
1351999885404|1577664000000|false|962072674365|35184372088856|ALBUM
1353963233769|1577664000000|false|962072674365|37383395344412|ALBUM
1343332352924|1577664000000|false|1030792151102|16|ALBUM
1343332352924|1577664000000|false|1030792151102|27|ALBUM
1343332352924|1577664000000|false|1030792151102|47|ALBUM
1343332352924|1577664000000|false|1030792151102|4398046511148|ALBUM
1343332352924|1577664000000|false|1030792151102|10995116277782|ALBUM
1343332352924|1577664000000|false|1030792151102|19791209300009|ALBUM
1343332352924|1577664000000|false|1030792151102|19791209300010|ALBUM
1343332352924|1577664000000|false|1030792151102|26388279066641|ALBUM
1343332352924|1577664000000|false|1030792151102|26388279066664|ALBUM
1343332352924|1577664000000|false|1030792151102|30786325577731|ALBUM
1351999885404|1577664000000|false|1030792151102|35184372088856|ALBUM
1348883320128|1577664000000|false|1030792151102|35184372088868|ALBUM
1353963233769|1577664000000|false|1030792151102|37383395344412|ALBUM
1338194353033|1577664000000|false|962072674367|16|ALBUM
1338194353033|1577664000000|false|962072674367|47|ALBUM
1338194353033|1577664000000|false|962072674367|10995116277782|ALBUM
1338194353033|1577664000000|false|962072674367|13194139533343|ALBUM
1338194353033|1577664000000|false|962072674367|19791209300009|ALBUM
1338194353033|1577664000000|false|962072674367|26388279066641|ALBUM
1338194353033|1577664000000|false|962072674367|26388279066664|ALBUM
1341276926938|1577664000000|false|962072674367|30786325577731|ALBUM
1351999885404|1577664000000|false|962072674367|35184372088856|ALBUM
1348883320128|1577664000000|false|962072674367|35184372088868|ALBUM
1353963233769|1577664000000|false|962072674367|37383395344412|ALBUM
1349129274833|1577664000000|false|1099511627840|16|ALBUM
1349129274833|1577664000000|false|1099511627840|27|ALBUM
1349129274833|1577664000000|false|1099511627840|4398046511148|ALBUM
1349129274833|1577664000000|false|1099511627840|13194139533343|ALBUM
1349129274833|1577664000000|false|1099511627840|24189255811081|ALBUM
1349129274833|1577664000000|false|1099511627840|26388279066641|ALBUM
1349129274833|1577664000000|false|1099511627840|26388279066664|ALBUM
1349129274833|1577664000000|false|1099511627840|30786325577731|ALBUM
1349129274833|1577664000000|false|1099511627840|35184372088868|ALBUM
1353963233769|1577664000000|false|1099511627840|37383395344412|ALBUM
1339192834956|1577664000000|false|962072674370|10995116277761|ALBUM
1339192834956|1577664000000|false|962072674370|28587302322180|ALBUM
1305510823018|1577664000000|false|549755813955|10995116277761|ALBUM
1333102282788|1577664000000|false|549755813955|28587302322180|ALBUM
1355738891844|1577664000000|false|1168231104580|28587302322180|ALBUM
1326001746180|1577664000000|false|824633720902|10995116277761|ALBUM
1289663419443|1577664000000|false|71|10995116277761|ALBUM
1333102282788|1577664000000|false|71|28587302322180|ALBUM
1349566339033|1577664000000|false|1099511627848|10995116277761|ALBUM
1349566339033|1577664000000|false|1099511627848|28587302322180|ALBUM
1333102282788|1577664000000|false|481036337225|28587302322180|ALBUM
1347730893986|1577664000000|false|1099511627850|10995116277761|ALBUM
1347730893986|1577664000000|false|1099511627850|28587302322180|ALBUM
1324000885127|1577664000000|false|755914244172|10995116277761|ALBUM
1333102282788|1577664000000|false|755914244172|28587302322180|ALBUM
1293170499555|1577664000000|false|343597383757|10995116277761|ALBUM
1333102282788|1577664000000|false|343597383757|28587302322180|ALBUM
1332383970672|1577664000000|false|893353197646|10995116277761|ALBUM
1333102282788|1577664000000|false|893353197646|28587302322180|ALBUM
1302345147153|1577664000000|false|481036337232|10995116277761|ALBUM
1342583787674|1577664000000|false|1030792151121|10995116277761|ALBUM
1342583787674|1577664000000|false|1030792151121|28587302322180|ALBUM
1303716084285|1577664000000|false|481036337234|10995116277761|ALBUM
1333102282788|1577664000000|false|481036337234|28587302322180|ALBUM
1289663419443|1577664000000|false|137438953555|10995116277761|ALBUM
1289663419443|1577664000000|false|274877907028|10995116277761|ALBUM
1324710946786|1577664000000|false|755914244181|10995116277761|ALBUM
1333102282788|1577664000000|false|755914244181|28587302322180|ALBUM
1333102282788|1577664000000|false|68719476822|28587302322180|ALBUM
1289663419443|1577664000000|false|206158430295|10995116277761|ALBUM
1333102282788|1577664000000|false|206158430295|28587302322180|ALBUM
1324171872054|1577664000000|false|755914244184|10995116277761|ALBUM
1333102282788|1577664000000|false|481036337241|28587302322180|ALBUM
1333102282788|1577664000000|false|618475290714|28587302322180|ALBUM
1333102282788|1577664000000|false|755914244187|28587302322180|ALBUM
1289663419443|1577664000000|false|68719476829|10995116277761|ALBUM
1333102282788|1577664000000|false|68719476829|28587302322180|ALBUM
1289663419443|1577664000000|false|137438953566|10995116277761|ALBUM
1333102282788|1577664000000|false|137438953566|28587302322180|ALBUM
1356755018134|1577664000000|false|1168231104607|10995116277761|ALBUM
1356755018134|1577664000000|false|1168231104607|28587302322180|ALBUM
1333102282788|1577664000000|false|481036337248|28587302322180|ALBUM
1333102282788|1577664000000|false|755914244193|28587302322180|ALBUM
1342808280353|1577664000000|false|1030792151138|28587302322180|ALBUM
1329969414559|1577664000000|false|824633720931|10995116277761|ALBUM
1350041696082|1577664000000|false|1099511627876|10995116277761|ALBUM
1350041696082|1577664000000|false|1099511627876|28587302322180|ALBUM
1313907085212|1577664000000|false|343597383782|19791209300010|ALBUM
1347740394977|1577664000000|false|1099511627879|24189255811081|ALBUM
1330584897961|1577664000000|false|824633720936|19791209300010|ALBUM
1330584897961|1577664000000|false|824633720936|24189255811081|ALBUM
1338995210770|1577664000000|false|962072674409|19791209300010|ALBUM
1347860277917|1577664000000|false|1099511627882|19791209300010|ALBUM
1347860277917|1577664000000|false|1099511627882|24189255811081|ALBUM
1321737151365|1577664000000|false|755914244203|19791209300010|ALBUM
1349852871725|1577664000000|false|1099511627884|19791209300010|ALBUM
1349852871725|1577664000000|false|1099511627884|24189255811081|ALBUM
1351659439501|1577664000000|false|1099511627885|19791209300010|ALBUM
1325145409032|1577664000000|false|687194767470|24189255811081|ALBUM
1325781433789|1577664000000|false|755914244207|24189255811081|ALBUM
1313907085212|1577664000000|false|481036337264|19791209300010|ALBUM
1313907085212|1577664000000|false|549755814001|19791209300010|ALBUM
1325145409032|1577664000000|false|549755814001|24189255811081|ALBUM
1329111813389|1577664000000|false|824633720946|24189255811081|ALBUM
1325145409032|1577664000000|false|481036337267|24189255811081|ALBUM
1313907085212|1577664000000|false|412316860532|19791209300010|ALBUM
1325145409032|1577664000000|false|412316860532|24189255811081|ALBUM
1345384787154|1577664000000|false|1030792151157|24189255811081|ALBUM
1313907085212|1577664000000|false|618475290742|19791209300010|ALBUM
1336671240075|1577664000000|false|962072674423|19791209300010|ALBUM
1336671240075|1577664000000|false|962072674423|24189255811081|ALBUM
1324133837676|1577664000000|false|755914244216|19791209300010|ALBUM
1325145409032|1577664000000|false|755914244216|24189255811081|ALBUM
1315270447436|1577664000000|false|618475290745|19791209300010|ALBUM
1313907085212|1577664000000|false|412316860539|19791209300010|ALBUM
1337859542503|1577664000000|false|962072674428|24189255811081|ALBUM
1351260747512|1577664000000|false|1099511627901|19791209300010|ALBUM
1315223152651|1577664000000|false|618475290750|19791209300010|ALBUM
1325145409032|1577664000000|false|618475290750|24189255811081|ALBUM
1350963838992|1577664000000|false|1099511627945|26388279066664|ALBUM
1344247417082|1577664000000|false|1030792151210|26388279066664|ALBUM
1329767040441|1577664000000|false|618475290795|26388279066664|ALBUM
1339518608883|1577664000000|false|962072674476|26388279066664|ALBUM
1342251182413|1577664000000|false|1030792151213|26388279066664|ALBUM
1344017479525|1577664000000|false|1030792151214|26388279066664|ALBUM
1329767040441|1577664000000|false|824633721007|26388279066664|ALBUM
1329767040441|1577664000000|false|755914244273|26388279066664|ALBUM
1329767040441|1577664000000|false|755914244275|26388279066664|ALBUM
1354758625104|1577664000000|false|1168231104692|26388279066664|ALBUM
1346842529877|1577664000000|false|1030792151221|26388279066664|ALBUM
1341949714747|1577664000000|false|1030792151224|16|ALBUM
1341949714747|1577664000000|false|1030792151224|10995116277782|ALBUM
1341949714747|1577664000000|false|1030792151224|19791209299987|ALBUM
1341949714747|1577664000000|false|1030792151224|19791209300010|ALBUM
1341949714747|1577664000000|false|1030792151224|24189255811104|ALBUM
1341949714747|1577664000000|false|1030792151224|28587302322196|ALBUM
1350201320829|1577664000000|false|1099511627961|16|ALBUM
1350201320829|1577664000000|false|1099511627961|10995116277782|ALBUM
1350201320829|1577664000000|false|1099511627961|19791209300010|ALBUM
1350201320829|1577664000000|false|1099511627961|24189255811104|ALBUM
1350201320829|1577664000000|false|1099511627961|26388279066641|ALBUM
1350201320829|1577664000000|false|1099511627961|28587302322180|ALBUM
1350201320829|1577664000000|false|1099511627961|28587302322196|ALBUM
1353963233769|1577664000000|false|1099511627961|37383395344412|ALBUM
1343300289168|1577664000000|false|1030792151226|16|ALBUM
1343300289168|1577664000000|false|1030792151226|19791209299987|ALBUM
1343300289168|1577664000000|false|1030792151226|19791209300010|ALBUM
1343300289168|1577664000000|false|1030792151226|24189255811104|ALBUM
1343300289168|1577664000000|false|1030792151226|26388279066641|ALBUM
1343300289168|1577664000000|false|1030792151226|28587302322180|ALBUM
1343300289168|1577664000000|false|1030792151226|28587302322196|ALBUM
1343300289168|1577664000000|false|1030792151226|28587302322210|ALBUM
1353963233769|1577664000000|false|1030792151226|37383395344412|ALBUM
1349116416755|1577664000000|false|1099511627963|16|ALBUM
1349116416755|1577664000000|false|1099511627963|10995116277782|ALBUM
1349116416755|1577664000000|false|1099511627963|24189255811104|ALBUM
1349116416755|1577664000000|false|1099511627963|26388279066641|ALBUM
1349116416755|1577664000000|false|1099511627963|28587302322180|ALBUM
1349116416755|1577664000000|false|1099511627963|28587302322196|ALBUM
1349116416755|1577664000000|false|1099511627963|28587302322210|ALBUM
1353963233769|1577664000000|false|1099511627963|37383395344412|ALBUM
1353257581750|1577664000000|false|1168231104700|16|ALBUM
1353257581750|1577664000000|false|1168231104700|10995116277761|ALBUM
1353257581750|1577664000000|false|1168231104700|19791209299987|ALBUM
1353257581750|1577664000000|false|1168231104700|28587302322180|ALBUM
1353257581750|1577664000000|false|1168231104700|28587302322210|ALBUM
1341887784820|1577664000000|false|1030792151229|16|ALBUM
1341887784820|1577664000000|false|1030792151229|10995116277761|ALBUM
1341887784820|1577664000000|false|1030792151229|10995116277782|ALBUM
1341887784820|1577664000000|false|1030792151229|19791209300010|ALBUM
1341887784820|1577664000000|false|1030792151229|26388279066641|ALBUM
1341887784820|1577664000000|false|1030792151229|28587302322180|ALBUM
1341887784820|1577664000000|false|1030792151229|28587302322196|ALBUM
1341887784820|1577664000000|false|1030792151229|28587302322210|ALBUM
1353963233769|1577664000000|false|1030792151229|37383395344412|ALBUM
1333800124813|1577664000000|false|893353197758|16|ALBUM
1333800124813|1577664000000|false|893353197758|10995116277761|ALBUM
1333800124813|1577664000000|false|893353197758|19791209300010|ALBUM
1333800124813|1577664000000|false|893353197758|24189255811104|ALBUM
1333800124813|1577664000000|false|893353197758|26388279066641|ALBUM
1333800124813|1577664000000|false|893353197758|28587302322180|ALBUM
1333800124813|1577664000000|false|893353197758|28587302322196|ALBUM
1333800124813|1577664000000|false|893353197758|28587302322210|ALBUM
1346508078383|1577664000000|false|1030792151231|10995116277761|ALBUM
1346508078383|1577664000000|false|1030792151231|10995116277782|ALBUM
1346508078383|1577664000000|false|1030792151231|19791209299987|ALBUM
1346508078383|1577664000000|false|1030792151231|19791209300010|ALBUM
1346508078383|1577664000000|false|1030792151231|24189255811104|ALBUM
1346508078383|1577664000000|false|1030792151231|26388279066641|ALBUM
1346508078383|1577664000000|false|1030792151231|28587302322180|ALBUM
1346508078383|1577664000000|false|1030792151231|28587302322210|ALBUM
1353963233769|1577664000000|false|1030792151231|37383395344412|ALBUM
1350580598018|1577664000000|false|1099511627968|16|ALBUM
1350580598018|1577664000000|false|1099511627968|24189255811104|ALBUM
1350580598018|1577664000000|false|1099511627968|26388279066641|ALBUM
1350580598018|1577664000000|false|1099511627968|28587302322180|ALBUM
1350580598018|1577664000000|false|1099511627968|28587302322196|ALBUM
1350580598018|1577664000000|false|1099511627968|28587302322210|ALBUM
1334371439571|1577664000000|false|893353197761|16|ALBUM
1334371439571|1577664000000|false|893353197761|10995116277761|ALBUM
1334371439571|1577664000000|false|893353197761|19791209299987|ALBUM
1334371439571|1577664000000|false|893353197761|24189255811104|ALBUM
1334371439571|1577664000000|false|893353197761|26388279066641|ALBUM
1334371439571|1577664000000|false|893353197761|28587302322196|ALBUM
1334371439571|1577664000000|false|893353197761|28587302322210|ALBUM
1353963233769|1577664000000|false|893353197761|37383395344412|ALBUM
1333102282788|1577664000000|false|618475290874|28587302322180|ALBUM
1333102282788|1577664000000|false|893353197819|28587302322180|ALBUM
1333102282788|1577664000000|false|893353197824|28587302322180|ALBUM
1333102282788|1577664000000|false|412316860673|28587302322180|ALBUM
1333102282788|1577664000000|false|481036337412|28587302322180|ALBUM
1333102282788|1577664000000|false|206158430469|28587302322180|ALBUM
1333102282788|1577664000000|false|412316860678|28587302322180|ALBUM
1333102282788|1577664000000|false|618475290887|28587302322180|ALBUM
1333102282788|1577664000000|false|481036337418|28587302322180|ALBUM
1333102282788|1577664000000|false|274877907211|28587302322180|ALBUM
1333102282788|1577664000000|false|137438953740|28587302322180|ALBUM
1333102282788|1577664000000|false|68719477005|28587302322180|ALBUM
1333102282788|1577664000000|false|549755814159|28587302322180|ALBUM
1333102282788|1577664000000|false|68719477008|28587302322180|ALBUM
1355413301495|1577664000000|false|1168231104786|28587302322180|ALBUM
1333102282788|1577664000000|false|549755814163|28587302322180|ALBUM
1333102282788|1577664000000|false|618475290902|28587302322180|ALBUM
1342761549572|1577664000000|false|1030792151319|28587302322180|ALBUM
1333102282788|1577664000000|false|755914244377|28587302322180|ALBUM
1333102282788|1577664000000|false|481036337435|28587302322180|ALBUM
1350361989558|1577664000000|false|1099511628064|6597069766699|ALBUM
1350361989558|1577664000000|false|1099511628064|19791209300010|ALBUM
1341035562806|1577664000000|false|962072674593|6597069766699|ALBUM
1341035562806|1577664000000|false|962072674593|19791209300010|ALBUM
1350687379011|1577664000000|false|1099511628066|6597069766699|ALBUM
1350687379011|1577664000000|false|1099511628066|19791209300010|ALBUM
1356659398521|1577664000000|false|1168231104803|6597069766699|ALBUM
1356659398521|1577664000000|false|1168231104803|19791209300010|ALBUM
1353007428593|1577664000000|false|1168231104804|6597069766699|ALBUM
1353484873532|1577664000000|false|1168231104805|6597069766699|ALBUM
1353484873532|1577664000000|false|1168231104805|19791209300010|ALBUM
1329656519306|1577664000000|false|824633721126|6597069766699|ALBUM
1329656519306|1577664000000|false|824633721126|19791209300010|ALBUM
1345810342828|1577664000000|false|1030792151335|6597069766699|ALBUM
1332900142209|1577664000000|false|893353197864|6597069766699|ALBUM
1332900142209|1577664000000|false|893353197864|19791209300010|ALBUM
1356855709210|1577664000000|false|1168231104809|6597069766699|ALBUM
1356855709210|1577664000000|false|1168231104809|19791209300010|ALBUM
1324699979880|1577664000000|false|755914244394|6597069766699|ALBUM
1328592996030|1577664000000|false|824633721131|6597069766699|ALBUM
1328592996030|1577664000000|false|824633721131|19791209300010|ALBUM
1330419572830|1577664000000|false|824633721132|6597069766699|ALBUM
1330419572830|1577664000000|false|824633721132|19791209300010|ALBUM
1355431853734|1577664000000|false|1168231104816|28587302322210|ALBUM
1351047196003|1577664000000|false|1099511628082|28587302322210|ALBUM
1331959559301|1577664000000|false|481036337459|28587302322210|ALBUM
1331959559301|1577664000000|false|618475290932|28587302322210|ALBUM
1355113187168|1577664000000|false|1168231104822|28587302322210|ALBUM
1331959559301|1577664000000|false|755914244407|28587302322210|ALBUM
1331959559301|1577664000000|false|481036337464|28587302322210|ALBUM
1347237354844|1577664000000|false|1099511628089|28587302322210|ALBUM
1338655594254|1577664000000|false|962072674618|28587302322210|ALBUM
1331959559301|1577664000000|false|755914244411|28587302322210|ALBUM
1355571601002|1577664000000|false|1168231104830|28587302322210|ALBUM
1331959559301|1577664000000|false|755914244416|28587302322210|ALBUM
1331959559301|1577664000000|false|755914244417|28587302322210|ALBUM
1331959559301|1577664000000|false|755914244419|28587302322210|ALBUM
1331959559301|1577664000000|false|824633721157|28587302322210|ALBUM
1351914293597|1577664000000|false|1099511628103|8796093022238|ALBUM
1351914293597|1577664000000|false|1099511628103|10995116277761|ALBUM
1351914293597|1577664000000|false|1099511628103|15393162788877|ALBUM
1351914293597|1577664000000|false|1099511628103|24189255811121|ALBUM
1351914293597|1577664000000|false|1099511628103|26388279066641|ALBUM
1351914293597|1577664000000|false|1099511628103|26388279066664|ALBUM
1351914293597|1577664000000|false|1099511628103|28587302322196|ALBUM
1351914293597|1577664000000|false|1099511628103|28587302322210|ALBUM
1351914293597|1577664000000|false|1099511628103|30786325577740|ALBUM
1351937035388|1577664000000|false|1099511628103|35184372088850|ALBUM
1351999885404|1577664000000|false|1099511628103|35184372088856|ALBUM
1331327736654|1577664000000|false|893353197896|16|ALBUM
1331327736654|1577664000000|false|893353197896|8796093022238|ALBUM
1331327736654|1577664000000|false|893353197896|10995116277761|ALBUM
1331327736654|1577664000000|false|893353197896|15393162788877|ALBUM
1331327736654|1577664000000|false|893353197896|24189255811081|ALBUM
1331327736654|1577664000000|false|893353197896|24189255811104|ALBUM
1331327736654|1577664000000|false|893353197896|24189255811121|ALBUM
1331327736654|1577664000000|false|893353197896|26388279066641|ALBUM
1331327736654|1577664000000|false|893353197896|26388279066664|ALBUM
1333102282788|1577664000000|false|893353197896|28587302322180|ALBUM
1331651778597|1577664000000|false|893353197896|28587302322196|ALBUM
1340714265179|1577664000000|false|893353197896|30786325577740|ALBUM
1351999885404|1577664000000|false|893353197896|35184372088856|ALBUM
1344520869637|1577664000000|false|1030792151369|6597069766701|ALBUM
1344520869637|1577664000000|false|1030792151369|8796093022238|ALBUM
1344520869637|1577664000000|false|1030792151369|10995116277761|ALBUM
1344520869637|1577664000000|false|1030792151369|15393162788877|ALBUM
1344520869637|1577664000000|false|1030792151369|24189255811081|ALBUM
1344520869637|1577664000000|false|1030792151369|24189255811104|ALBUM
1344520869637|1577664000000|false|1030792151369|24189255811121|ALBUM
1344520869637|1577664000000|false|1030792151369|26388279066641|ALBUM
1344520869637|1577664000000|false|1030792151369|26388279066664|ALBUM
1344520869637|1577664000000|false|1030792151369|28587302322196|ALBUM
1344520869637|1577664000000|false|1030792151369|28587302322210|ALBUM
1351999885404|1577664000000|false|1030792151369|35184372088856|ALBUM
1347233689260|1577664000000|false|1099511628106|8796093022238|ALBUM
1347233689260|1577664000000|false|1099511628106|10995116277761|ALBUM
1347233689260|1577664000000|false|1099511628106|15393162788877|ALBUM
1347233689260|1577664000000|false|1099511628106|24189255811081|ALBUM
1347233689260|1577664000000|false|1099511628106|24189255811104|ALBUM
1347233689260|1577664000000|false|1099511628106|24189255811121|ALBUM
1347233689260|1577664000000|false|1099511628106|26388279066641|ALBUM
1347233689260|1577664000000|false|1099511628106|26388279066664|ALBUM
1347233689260|1577664000000|false|1099511628106|28587302322180|ALBUM
1347233689260|1577664000000|false|1099511628106|28587302322196|ALBUM
1347233689260|1577664000000|false|1099511628106|28587302322210|ALBUM
1351937035388|1577664000000|false|1099511628106|35184372088850|ALBUM
1351999885404|1577664000000|false|1099511628106|35184372088856|ALBUM
1331534269930|1577664000000|false|893353197899|16|ALBUM
1331534269930|1577664000000|false|893353197899|4398046511148|ALBUM
1331534269930|1577664000000|false|893353197899|6597069766701|ALBUM
1331534269930|1577664000000|false|893353197899|8796093022238|ALBUM
1331534269930|1577664000000|false|893353197899|10995116277761|ALBUM
1331534269930|1577664000000|false|893353197899|15393162788877|ALBUM
1331534269930|1577664000000|false|893353197899|24189255811104|ALBUM
1331534269930|1577664000000|false|893353197899|24189255811121|ALBUM
1331534269930|1577664000000|false|893353197899|26388279066641|ALBUM
1331534269930|1577664000000|false|893353197899|26388279066664|ALBUM
1333102282788|1577664000000|false|893353197899|28587302322180|ALBUM
1331651778597|1577664000000|false|893353197899|28587302322196|ALBUM
1340714265179|1577664000000|false|893353197899|30786325577740|ALBUM
1351937035388|1577664000000|false|893353197899|35184372088850|ALBUM
1351999885404|1577664000000|false|893353197899|35184372088856|ALBUM
1321656628781|1577664000000|false|755914244428|6597069766701|ALBUM
1321656628781|1577664000000|false|755914244428|8796093022238|ALBUM
1321656628781|1577664000000|false|755914244428|10995116277761|ALBUM
1321656628781|1577664000000|false|755914244428|15393162788877|ALBUM
1325145409032|1577664000000|false|755914244428|24189255811081|ALBUM
1325467290107|1577664000000|false|755914244428|24189255811104|ALBUM
1329767040441|1577664000000|false|755914244428|26388279066664|ALBUM
1333102282788|1577664000000|false|755914244428|28587302322180|ALBUM
1331959559301|1577664000000|false|755914244428|28587302322210|ALBUM
1340714265179|1577664000000|false|755914244428|30786325577740|ALBUM
1351937035388|1577664000000|false|755914244428|35184372088850|ALBUM
1351999885404|1577664000000|false|755914244428|35184372088856|ALBUM
1321478248651|1577664000000|false|755914244429|16|ALBUM
1321478248651|1577664000000|false|755914244429|4398046511148|ALBUM
1321478248651|1577664000000|false|755914244429|8796093022238|ALBUM
1321478248651|1577664000000|false|755914244429|10995116277761|ALBUM
1325145409032|1577664000000|false|755914244429|24189255811081|ALBUM
1325467290107|1577664000000|false|755914244429|24189255811104|ALBUM
1322356121517|1577664000000|false|755914244429|24189255811121|ALBUM
1326412512878|1577664000000|false|755914244429|26388279066641|ALBUM
1329767040441|1577664000000|false|755914244429|26388279066664|ALBUM
1333102282788|1577664000000|false|755914244429|28587302322180|ALBUM
1331651778597|1577664000000|false|755914244429|28587302322196|ALBUM
1340714265179|1577664000000|false|755914244429|30786325577740|ALBUM
1351937035388|1577664000000|false|755914244429|35184372088850|ALBUM
1319093887362|1577664000000|false|687194767694|16|ALBUM
1319093887362|1577664000000|false|687194767694|6597069766701|ALBUM
1319093887362|1577664000000|false|687194767694|8796093022238|ALBUM
1319093887362|1577664000000|false|687194767694|10995116277761|ALBUM
1319093887362|1577664000000|false|687194767694|15393162788877|ALBUM
1325145409032|1577664000000|false|687194767694|24189255811081|ALBUM
1325467290107|1577664000000|false|687194767694|24189255811104|ALBUM
1326412512878|1577664000000|false|687194767694|26388279066641|ALBUM
1333102282788|1577664000000|false|687194767694|28587302322180|ALBUM
1331959559301|1577664000000|false|687194767694|28587302322210|ALBUM
1340714265179|1577664000000|false|687194767694|30786325577740|ALBUM
1351937035388|1577664000000|false|687194767694|35184372088850|ALBUM
1331893196583|1577664000000|false|893353197903|16|ALBUM
1331893196583|1577664000000|false|893353197903|4398046511148|ALBUM
1331893196583|1577664000000|false|893353197903|6597069766701|ALBUM
1331893196583|1577664000000|false|893353197903|10995116277761|ALBUM
1331893196583|1577664000000|false|893353197903|26388279066664|ALBUM
1331893196583|1577664000000|false|893353197903|28587302322196|ALBUM
1340714265179|1577664000000|false|893353197903|30786325577740|ALBUM
1351937035388|1577664000000|false|893353197903|35184372088850|ALBUM
1337246707186|1577664000000|false|962072674640|16|ALBUM
1337246707186|1577664000000|false|962072674640|15393162788877|ALBUM
1337246707186|1577664000000|false|962072674640|24189255811081|ALBUM
1337246707186|1577664000000|false|962072674640|24189255811104|ALBUM
1337246707186|1577664000000|false|962072674640|24189255811121|ALBUM
1337246707186|1577664000000|false|962072674640|26388279066664|ALBUM
1337246707186|1577664000000|false|962072674640|28587302322180|ALBUM
1337246707186|1577664000000|false|962072674640|28587302322196|ALBUM
1340714265179|1577664000000|false|962072674640|30786325577740|ALBUM
1351937035388|1577664000000|false|962072674640|35184372088850|ALBUM
1335307026412|1577664000000|false|893353197905|16|ALBUM
1335307026412|1577664000000|false|893353197905|4398046511148|ALBUM
1335307026412|1577664000000|false|893353197905|6597069766701|ALBUM
1335307026412|1577664000000|false|893353197905|8796093022238|ALBUM
1335307026412|1577664000000|false|893353197905|10995116277761|ALBUM
1335307026412|1577664000000|false|893353197905|15393162788877|ALBUM
1335307026412|1577664000000|false|893353197905|24189255811104|ALBUM
1335307026412|1577664000000|false|893353197905|26388279066641|ALBUM
1335307026412|1577664000000|false|893353197905|26388279066664|ALBUM
1335307026412|1577664000000|false|893353197905|28587302322180|ALBUM
1335307026412|1577664000000|false|893353197905|28587302322196|ALBUM
1335307026412|1577664000000|false|893353197905|28587302322210|ALBUM
1340714265179|1577664000000|false|893353197905|30786325577740|ALBUM
1351999885404|1577664000000|false|893353197905|35184372088856|ALBUM
1331870384257|1577664000000|false|893353197906|16|ALBUM
1331870384257|1577664000000|false|893353197906|4398046511148|ALBUM
1331870384257|1577664000000|false|893353197906|6597069766701|ALBUM
1331870384257|1577664000000|false|893353197906|8796093022238|ALBUM
1331870384257|1577664000000|false|893353197906|15393162788877|ALBUM
1331870384257|1577664000000|false|893353197906|24189255811081|ALBUM
1331870384257|1577664000000|false|893353197906|24189255811104|ALBUM
1331870384257|1577664000000|false|893353197906|24189255811121|ALBUM
1331870384257|1577664000000|false|893353197906|26388279066641|ALBUM
1331870384257|1577664000000|false|893353197906|26388279066664|ALBUM
1333102282788|1577664000000|false|893353197906|28587302322180|ALBUM
1331870384257|1577664000000|false|893353197906|28587302322196|ALBUM
1351937035388|1577664000000|false|893353197906|35184372088850|ALBUM
1343000548523|1577664000000|false|1030792151379|16|ALBUM
1343000548523|1577664000000|false|1030792151379|4398046511148|ALBUM
1343000548523|1577664000000|false|1030792151379|8796093022238|ALBUM
1343000548523|1577664000000|false|1030792151379|10995116277761|ALBUM
1343000548523|1577664000000|false|1030792151379|15393162788877|ALBUM
1343000548523|1577664000000|false|1030792151379|24189255811081|ALBUM
1343000548523|1577664000000|false|1030792151379|24189255811104|ALBUM
1343000548523|1577664000000|false|1030792151379|24189255811121|ALBUM
1343000548523|1577664000000|false|1030792151379|26388279066641|ALBUM
1343000548523|1577664000000|false|1030792151379|26388279066664|ALBUM
1343000548523|1577664000000|false|1030792151379|28587302322196|ALBUM
1351937035388|1577664000000|false|1030792151379|35184372088850|ALBUM
1324587641166|1577664000000|false|755914244436|16|ALBUM
1324587641166|1577664000000|false|755914244436|6597069766701|ALBUM
1324587641166|1577664000000|false|755914244436|15393162788877|ALBUM
1325145409032|1577664000000|false|755914244436|24189255811081|ALBUM
1326412512878|1577664000000|false|755914244436|26388279066641|ALBUM
1329767040441|1577664000000|false|755914244436|26388279066664|ALBUM
1331651778597|1577664000000|false|755914244436|28587302322196|ALBUM
1331959559301|1577664000000|false|755914244436|28587302322210|ALBUM
1340714265179|1577664000000|false|755914244436|30786325577740|ALBUM
1351937035388|1577664000000|false|755914244436|35184372088850|ALBUM
1342820651739|1577664000000|false|1030792151381|16|ALBUM
1342820651739|1577664000000|false|1030792151381|4398046511148|ALBUM
1342820651739|1577664000000|false|1030792151381|6597069766701|ALBUM
1342820651739|1577664000000|false|1030792151381|8796093022238|ALBUM
1342820651739|1577664000000|false|1030792151381|10995116277761|ALBUM
1342820651739|1577664000000|false|1030792151381|15393162788877|ALBUM
1342820651739|1577664000000|false|1030792151381|24189255811081|ALBUM
1342820651739|1577664000000|false|1030792151381|24189255811121|ALBUM
1342820651739|1577664000000|false|1030792151381|26388279066641|ALBUM
1342820651739|1577664000000|false|1030792151381|28587302322180|ALBUM
1342820651739|1577664000000|false|1030792151381|28587302322210|ALBUM
1351999885404|1577664000000|false|1030792151381|35184372088856|ALBUM
1338144686993|1577664000000|false|962072674646|16|ALBUM
1338144686993|1577664000000|false|962072674646|4398046511148|ALBUM
1338144686993|1577664000000|false|962072674646|6597069766701|ALBUM
1338144686993|1577664000000|false|962072674646|8796093022238|ALBUM
1338144686993|1577664000000|false|962072674646|10995116277761|ALBUM
1338144686993|1577664000000|false|962072674646|15393162788877|ALBUM
1338144686993|1577664000000|false|962072674646|24189255811104|ALBUM
1338144686993|1577664000000|false|962072674646|26388279066641|ALBUM
1338144686993|1577664000000|false|962072674646|26388279066664|ALBUM
1340714265179|1577664000000|false|962072674646|30786325577740|ALBUM
1351937035388|1577664000000|false|962072674646|35184372088850|ALBUM
1351999885404|1577664000000|false|962072674646|35184372088856|ALBUM
1329661264490|1577664000000|false|824633721183|24189255811081|ALBUM
1345670122707|1577664000000|false|1030792151392|24189255811081|ALBUM
1325145409032|1577664000000|false|755914244449|24189255811081|ALBUM
1352453209540|1577664000000|false|1168231104866|24189255811081|ALBUM
1342437872061|1577664000000|false|1030792151395|24189255811081|ALBUM
1338130372475|1577664000000|false|962072674662|24189255811081|ALBUM
1338603487998|1577664000000|false|962072674664|24189255811081|ALBUM
1355802562698|1577664000000|false|1168231104874|24189255811081|ALBUM
1352148270876|1577664000000|false|1099511628140|10995116277782|ALBUM
1352148270876|1577664000000|false|1099511628140|19791209300010|ALBUM
1352148270876|1577664000000|false|1099511628140|28587302322210|ALBUM
1353963233769|1577664000000|false|1099511628140|37383395344412|ALBUM
1328777708780|1577664000000|false|824633721198|6597069766699|ALBUM
1328777708780|1577664000000|false|824633721198|19791209299968|ALBUM
1328777708780|1577664000000|false|824633721198|24189255811081|ALBUM
1351999885404|1577664000000|false|824633721198|35184372088856|ALBUM
1347521510889|1577664000000|false|1099511628143|6597069766699|ALBUM
1347521510889|1577664000000|false|1099511628143|24189255811081|ALBUM
1351999885404|1577664000000|false|1099511628143|35184372088856|ALBUM
1343707337555|1577664000000|false|1030792151408|6597069766699|ALBUM
1343707337555|1577664000000|false|1030792151408|19791209299968|ALBUM
1343707337555|1577664000000|false|1030792151408|28587302322180|ALBUM
1351999885404|1577664000000|false|1030792151408|35184372088856|ALBUM
1334697370104|1577664000000|false|893353197937|6597069766699|ALBUM
1334697370104|1577664000000|false|893353197937|19791209299968|ALBUM
1334697370104|1577664000000|false|893353197937|24189255811081|ALBUM
1351999885404|1577664000000|false|893353197937|35184372088856|ALBUM
1326506944653|1577664000000|false|824633721202|24189255811081|ALBUM
1333102282788|1577664000000|false|824633721202|28587302322180|ALBUM
1351999885404|1577664000000|false|824633721202|35184372088856|ALBUM
1330249269641|1577664000000|false|824633721203|19791209299968|ALBUM
1330249269641|1577664000000|false|824633721203|24189255811081|ALBUM
1333102282788|1577664000000|false|824633721203|28587302322180|ALBUM
1351999885404|1577664000000|false|824633721203|35184372088856|ALBUM
1355902058305|1577664000000|false|1168231104884|6597069766699|ALBUM
1355902058305|1577664000000|false|1168231104884|24189255811081|ALBUM
1355902058305|1577664000000|false|1168231104884|28587302322180|ALBUM
1333138797329|1577664000000|false|893353197941|6597069766699|ALBUM
1333138797329|1577664000000|false|893353197941|19791209299968|ALBUM
1333138797329|1577664000000|false|893353197941|24189255811081|ALBUM
1351999885404|1577664000000|false|893353197941|35184372088856|ALBUM
1334620768328|1577664000000|false|893353197942|19791209299968|ALBUM
1334620768328|1577664000000|false|893353197942|24189255811081|ALBUM
1334620768328|1577664000000|false|893353197942|28587302322180|ALBUM
1336856788492|1577664000000|false|962072674679|6597069766699|ALBUM
1336856788492|1577664000000|false|962072674679|19791209299968|ALBUM
1336856788492|1577664000000|false|962072674679|24189255811081|ALBUM
1336856788492|1577664000000|false|962072674679|28587302322180|ALBUM
1351999885404|1577664000000|false|962072674679|35184372088856|ALBUM
1324936063887|1577664000000|false|755914244472|6597069766699|ALBUM
1325145409032|1577664000000|false|755914244472|24189255811081|ALBUM
1333102282788|1577664000000|false|755914244472|28587302322180|ALBUM
1340697974009|1577664000000|false|962072674681|6597069766699|ALBUM
1340697974009|1577664000000|false|962072674681|24189255811081|ALBUM
1340697974009|1577664000000|false|962072674681|28587302322180|ALBUM
1351999885404|1577664000000|false|962072674681|35184372088856|ALBUM
1335588902144|1577664000000|false|893353197946|6597069766699|ALBUM
1335588902144|1577664000000|false|893353197946|19791209299968|ALBUM
1335588902144|1577664000000|false|893353197946|24189255811081|ALBUM
1335588902144|1577664000000|false|893353197946|28587302322180|ALBUM
1351999885404|1577664000000|false|893353197946|35184372088856|ALBUM
1343596299623|1577664000000|false|1030792151419|19791209299968|ALBUM
1343596299623|1577664000000|false|1030792151419|28587302322180|ALBUM
1356642859696|1577664000000|false|1168231104892|24189255811081|ALBUM
1356642859696|1577664000000|false|1168231104892|28587302322180|ALBUM
1356642859696|1577664000000|false|1168231104892|35184372088856|ALBUM
1344442788237|1577664000000|false|1030792151421|6597069766699|ALBUM
1344442788237|1577664000000|false|1030792151421|19791209299968|ALBUM
1344442788237|1577664000000|false|1030792151421|24189255811081|ALBUM
1344442788237|1577664000000|false|1030792151421|28587302322180|ALBUM
1351999885404|1577664000000|false|1030792151421|35184372088856|ALBUM
1353819678761|1577664000000|false|1168231104895|6597069766701|ALBUM
1353819678761|1577664000000|false|1168231104895|26388279066664|ALBUM
1353819678761|1577664000000|false|1168231104895|28587302322210|ALBUM
1340417338774|1577664000000|false|962072674688|26388279066664|ALBUM
1344065043790|1577664000000|false|1030792151425|6597069766701|ALBUM
1344065043790|1577664000000|false|1030792151425|19791209300010|ALBUM
1344065043790|1577664000000|false|1030792151425|26388279066664|ALBUM
1344065043790|1577664000000|false|1030792151425|28587302322210|ALBUM
1331123928464|1577664000000|false|824633721218|6597069766701|ALBUM
1331123928464|1577664000000|false|824633721218|19791209300010|ALBUM
1331959559301|1577664000000|false|824633721218|28587302322210|ALBUM
1333842001587|1577664000000|false|893353197955|6597069766701|ALBUM
1333842001587|1577664000000|false|893353197955|19791209300010|ALBUM
1333842001587|1577664000000|false|893353197955|26388279066664|ALBUM
1333842001587|1577664000000|false|893353197955|28587302322210|ALBUM
1348835606457|1577664000000|false|1099511628164|6597069766701|ALBUM
1348835606457|1577664000000|false|1099511628164|26388279066664|ALBUM
1348835606457|1577664000000|false|1099511628164|28587302322210|ALBUM
1335406784208|1577664000000|false|893353197957|6597069766701|ALBUM
1335406784208|1577664000000|false|893353197957|19791209300010|ALBUM
1335406784208|1577664000000|false|893353197957|26388279066664|ALBUM
1335406784208|1577664000000|false|893353197957|28587302322210|ALBUM
1340342353158|1577664000000|false|962072674694|28587302322210|ALBUM
1353481745073|1577664000000|false|1168231104903|6597069766701|ALBUM
1353481745073|1577664000000|false|1168231104903|26388279066664|ALBUM
1353481745073|1577664000000|false|1168231104903|28587302322210|ALBUM
1328681816134|1577664000000|false|824633721224|19791209300010|ALBUM
1329767040441|1577664000000|false|824633721224|26388279066664|ALBUM
1331959559301|1577664000000|false|824633721224|28587302322210|ALBUM
1328850149392|1577664000000|false|824633721225|19791209300010|ALBUM
1335993761504|1577664000000|false|893353197962|6597069766701|ALBUM
1335993761504|1577664000000|false|893353197962|19791209300010|ALBUM
1335993761504|1577664000000|false|893353197962|28587302322210|ALBUM
1314454927068|1577664000000|false|618475291024|19791209300009|ALBUM
1325145409032|1577664000000|false|618475291024|24189255811081|ALBUM
1325076514773|1577664000000|false|755914244497|19791209300009|ALBUM
1325145409032|1577664000000|false|755914244497|24189255811081|ALBUM
1322783438523|1577664000000|false|755914244498|19791209300009|ALBUM
1325145409032|1577664000000|false|755914244498|24189255811081|ALBUM
1345603345160|1577664000000|false|1030792151443|19791209300009|ALBUM
1345603345160|1577664000000|false|1030792151443|24189255811081|ALBUM
1350331111649|1577664000000|false|1099511628180|19791209300009|ALBUM
1350331111649|1577664000000|false|1099511628180|24189255811081|ALBUM
1345384525060|1577664000000|false|1030792151445|19791209300009|ALBUM
1345384525060|1577664000000|false|1030792151445|24189255811081|ALBUM
1319760742152|1577664000000|false|687194767766|19791209300009|ALBUM
1325145409032|1577664000000|false|687194767766|24189255811081|ALBUM
1355065430794|1577664000000|false|1168231104919|19791209300009|ALBUM
1355065430794|1577664000000|false|1168231104919|24189255811081|ALBUM
1320214182863|1577664000000|false|687194767768|19791209300009|ALBUM
1325145409032|1577664000000|false|687194767768|24189255811081|ALBUM
1330748676923|1577664000000|false|824633721241|19791209300009|ALBUM
1330748676923|1577664000000|false|824633721241|24189255811081|ALBUM
1331948047128|1577664000000|false|893353197978|19791209300009|ALBUM
1331948047128|1577664000000|false|893353197978|24189255811081|ALBUM
1319806368143|1577664000000|false|687194767771|19791209300009|ALBUM
1325145409032|1577664000000|false|687194767771|24189255811081|ALBUM
1334405099341|1577664000000|false|893353197980|19791209300009|ALBUM
1334405099341|1577664000000|false|893353197980|24189255811081|ALBUM
1321831581739|1577664000000|false|755914244509|19791209300009|ALBUM
1325145409032|1577664000000|false|755914244509|24189255811081|ALBUM
1338760002697|1577664000000|false|962072674718|19791209300009|ALBUM
1343548853792|1577664000000|false|1030792151458|19791209300010|ALBUM
1343548853792|1577664000000|false|1030792151458|24189255811081|ALBUM
1343548853792|1577664000000|false|1030792151458|26388279066664|ALBUM
1343548853792|1577664000000|false|1030792151458|28587302322210|ALBUM
1343208849745|1577664000000|false|1030792151459|24189255811081|ALBUM
1343208849745|1577664000000|false|1030792151459|26388279066664|ALBUM
1343208849745|1577664000000|false|1030792151459|28587302322210|ALBUM
1354641823530|1577664000000|false|1168231104932|19791209300010|ALBUM
1354641823530|1577664000000|false|1168231104932|24189255811081|ALBUM
1354641823530|1577664000000|false|1168231104932|26388279066664|ALBUM
1332125870242|1577664000000|false|893353197989|19791209300010|ALBUM
1332125870242|1577664000000|false|893353197989|24189255811081|ALBUM
1332125870242|1577664000000|false|893353197989|26388279066664|ALBUM
1332125870242|1577664000000|false|893353197989|28587302322210|ALBUM
1333295207140|1577664000000|false|893353197990|24189255811081|ALBUM
1333295207140|1577664000000|false|893353197990|28587302322210|ALBUM
1341312316282|1577664000000|false|962072674727|19791209300010|ALBUM
1341312316282|1577664000000|false|962072674727|26388279066664|ALBUM
1341312316282|1577664000000|false|962072674727|28587302322210|ALBUM
1347354414507|1577664000000|false|1099511628200|24189255811081|ALBUM
1347354414507|1577664000000|false|1099511628200|26388279066664|ALBUM
1346009267571|1577664000000|false|1030792151465|19791209300010|ALBUM
1346009267571|1577664000000|false|1030792151465|24189255811081|ALBUM
1346009267571|1577664000000|false|1030792151465|28587302322210|ALBUM
1340699458194|1577664000000|false|962072674730|19791209300010|ALBUM
1340699458194|1577664000000|false|962072674730|24189255811081|ALBUM
1340699458194|1577664000000|false|962072674730|26388279066664|ALBUM
1340699458194|1577664000000|false|962072674730|28587302322210|ALBUM
1355126326293|1577664000000|false|1168231104940|16|ALBUM
1355126326293|1577664000000|false|1168231104940|26388279066664|ALBUM
1355126326293|1577664000000|false|1168231104940|35184372088850|ALBUM
1326412512878|1577664000000|false|687194767791|26388279066641|ALBUM
1329767040441|1577664000000|false|687194767791|26388279066664|ALBUM
1333102282788|1577664000000|false|687194767791|28587302322180|ALBUM
1351937035388|1577664000000|false|687194767791|35184372088850|ALBUM
1351999885404|1577664000000|false|687194767791|35184372088856|ALBUM
1347697889167|1577664000000|false|1099511628208|26388279066641|ALBUM
1347697889167|1577664000000|false|1099511628208|28587302322180|ALBUM
1351937035388|1577664000000|false|1099511628208|35184372088850|ALBUM
1351999885404|1577664000000|false|1099511628208|35184372088856|ALBUM
1346202593179|1577664000000|false|1030792151473|26388279066664|ALBUM
1346202593179|1577664000000|false|1030792151473|28587302322180|ALBUM
1326412512878|1577664000000|false|687194767794|26388279066641|ALBUM
1329767040441|1577664000000|false|687194767794|26388279066664|ALBUM
1333102282788|1577664000000|false|687194767794|28587302322180|ALBUM
1351937035388|1577664000000|false|687194767794|35184372088850|ALBUM
1351999885404|1577664000000|false|687194767794|35184372088856|ALBUM
1351937035388|1577664000000|false|412316860851|35184372088850|ALBUM
1351999885404|1577664000000|false|412316860851|35184372088856|ALBUM
1337104814184|1577664000000|false|962072674740|26388279066641|ALBUM
1337104814184|1577664000000|false|962072674740|26388279066664|ALBUM
1337104814184|1577664000000|false|962072674740|28587302322180|ALBUM
1351999885404|1577664000000|false|962072674740|35184372088856|ALBUM
1347777952631|1577664000000|false|1099511628213|26388279066641|ALBUM
1347777952631|1577664000000|false|1099511628213|26388279066664|ALBUM
1347777952631|1577664000000|false|1099511628213|28587302322180|ALBUM
1347777952631|1577664000000|false|1099511628213|28587302322210|ALBUM
1347856117223|1577664000000|false|1099511628214|28587302322210|ALBUM
1351937035388|1577664000000|false|1099511628214|35184372088850|ALBUM
1329767040441|1577664000000|false|618475291063|26388279066664|ALBUM
1333102282788|1577664000000|false|618475291063|28587302322180|ALBUM
1331959559301|1577664000000|false|618475291063|28587302322210|ALBUM
1351999885404|1577664000000|false|618475291063|35184372088856|ALBUM
1326412512878|1577664000000|false|755914244536|26388279066641|ALBUM
1333102282788|1577664000000|false|755914244536|28587302322180|ALBUM
1331959559301|1577664000000|false|755914244536|28587302322210|ALBUM
1351999885404|1577664000000|false|755914244536|35184372088856|ALBUM
1331959559301|1577664000000|false|824633721273|28587302322210|ALBUM
1351937035388|1577664000000|false|824633721273|35184372088850|ALBUM
1351208722051|1577664000000|false|1099511628218|26388279066641|ALBUM
1351208722051|1577664000000|false|1099511628218|26388279066664|ALBUM
1351208722051|1577664000000|false|1099511628218|28587302322180|ALBUM
1351208722051|1577664000000|false|1099511628218|28587302322210|ALBUM
1351937035388|1577664000000|false|1099511628218|35184372088850|ALBUM
1342841767361|1577664000000|false|1030792151483|28587302322180|ALBUM
1342841767361|1577664000000|false|1030792151483|28587302322210|ALBUM
1333102282788|1577664000000|false|687194767804|28587302322180|ALBUM
1351937035388|1577664000000|false|687194767804|35184372088850|ALBUM
1351999885404|1577664000000|false|687194767804|35184372088856|ALBUM
1329948244678|1577664000000|false|824633721277|26388279066641|ALBUM
1333102282788|1577664000000|false|824633721277|28587302322180|ALBUM
1331959559301|1577664000000|false|824633721277|28587302322210|ALBUM
1351999885404|1577664000000|false|824633721277|35184372088856|ALBUM
1345682488463|1577664000000|false|1030792151486|26388279066641|ALBUM
1345682488463|1577664000000|false|1030792151486|26388279066664|ALBUM
1345682488463|1577664000000|false|1030792151486|28587302322180|ALBUM
1351937035388|1577664000000|false|1030792151486|35184372088850|ALBUM
1329767040441|1577664000000|false|549755814335|26388279066664|ALBUM
1333102282788|1577664000000|false|549755814335|28587302322180|ALBUM
1331959559301|1577664000000|false|549755814335|28587302322210|ALBUM
1329767040441|1577664000000|false|687194767808|26388279066664|ALBUM
1333102282788|1577664000000|false|687194767808|28587302322180|ALBUM
1351937035388|1577664000000|false|687194767808|35184372088850|ALBUM
1351999885404|1577664000000|false|687194767808|35184372088856|ALBUM
1326412512878|1577664000000|false|755914244545|26388279066641|ALBUM
1329767040441|1577664000000|false|755914244545|26388279066664|ALBUM
1333102282788|1577664000000|false|755914244545|28587302322180|ALBUM
1331959559301|1577664000000|false|755914244545|28587302322210|ALBUM
1351937035388|1577664000000|false|755914244545|35184372088850|ALBUM
1351999885404|1577664000000|false|755914244545|35184372088856|ALBUM
1326412512878|1577664000000|false|549755814338|26388279066641|ALBUM
1329767040441|1577664000000|false|549755814338|26388279066664|ALBUM
1333102282788|1577664000000|false|549755814338|28587302322180|ALBUM
1331959559301|1577664000000|false|549755814338|28587302322210|ALBUM
1351999885404|1577664000000|false|549755814338|35184372088856|ALBUM
1352360671735|1577664000000|false|1099511628227|26388279066641|ALBUM
1352360671735|1577664000000|false|1099511628227|26388279066664|ALBUM
1352360671735|1577664000000|false|1099511628227|28587302322210|ALBUM
1352360671735|1577664000000|false|1099511628227|35184372088850|ALBUM
1352360671735|1577664000000|false|1099511628227|35184372088856|ALBUM
1352571092674|1577664000000|false|1168231104964|26388279066641|ALBUM
1352571092674|1577664000000|false|1168231104964|26388279066664|ALBUM
1352571092674|1577664000000|false|1168231104964|28587302322180|ALBUM
1352571092674|1577664000000|false|1168231104964|35184372088850|ALBUM
1352571092674|1577664000000|false|1168231104964|35184372088856|ALBUM
1327539358075|1577664000000|false|824633721285|26388279066641|ALBUM
1329767040441|1577664000000|false|824633721285|26388279066664|ALBUM
1333102282788|1577664000000|false|824633721285|28587302322180|ALBUM
1331959559301|1577664000000|false|824633721285|28587302322210|ALBUM
1351937035388|1577664000000|false|824633721285|35184372088850|ALBUM
1351999885404|1577664000000|false|824633721285|35184372088856|ALBUM
1342021780025|1577664000000|false|1030792151494|26388279066641|ALBUM
1342021780025|1577664000000|false|1030792151494|26388279066664|ALBUM
1342021780025|1577664000000|false|1030792151494|28587302322180|ALBUM
1342021780025|1577664000000|false|1030792151494|28587302322210|ALBUM
