creationDate|id|locationIP|browserUsed|content|length|creator|place|parentPost|parentComment
2012-06-29T18:59:44.956+00:00|962072674467|31.209.179.5|Firefox|yes|3|28587302322204|101|687194767522|
2012-07-19T13:47:41.728+00:00|1030792151560|91.191.192.127|Firefox|LOL|3|24189255811081|4|962072674823|
2012-07-19T15:21:15.100+00:00|1030792151561|91.191.192.127|Firefox|I see|5|24189255811081|4|962072674823|
2012-07-02T11:10:43.970+00:00|962072674827|31.182.127.125|Internet Explorer|right|5|17592186044443|92|962072674823|
2012-07-02T09:01:05.378+00:00|962072674828|31.192.109.124|Internet Explorer|About Wolfgang Amadeus Mozart, among the mosAbout Janis Joplin, ust Me, Merce|77|26388279066668|56|962072674823|
2012-07-02T18:16:03.788+00:00|962072674830|193.104.227.215|Internet Explorer|no|2|26388279066641|86||962072674828
2012-07-19T02:26:23.011+00:00|1030792151567|27.122.45.252|Internet Explorer|About Isabella I of Castile, Ferdinand are knAbout Janis Joplin, erforming abil|79|10995116277782|52||962072674828
2012-08-23T08:57:55.861+00:00|1030792151568|31.209.179.5|Firefox|cool|4|28587302322204|101||1030792151567
2012-08-23T07:18:07.432+00:00|1030792151570|31.209.179.5|Firefox|good|4|28587302322204|101||1030792151567
2012-08-01T06:15:28.082+00:00|1030792151571|120.140.240.249|Safari|thx|3|28587302322223|85|962072674823|
2012-07-02T06:10:58.455+00:00|962072674836|31.192.109.124|Internet Explorer|About William Shakespeare, , a collected About Janis Joplin, r of the psychAbout|80|26388279066668|56|962072674823|
2012-08-01T07:06:41.752+00:00|1030792151573|103.1.176.97|Safari|good|4|28587302322223|100||1030792151567
2012-07-02T06:07:56.908+00:00|962072674838|193.104.227.215|Internet Explorer|duh|3|26388279066641|86|962072674823|
2012-07-19T06:31:35.870+00:00|1030792151575|31.192.109.124|Internet Explorer|About Isabella I of Castile, ening of the NAbout Jerome Kern, is songs, manyAbout |82|26388279066668|56||1030792151567
2012-08-27T13:17:07.561+00:00|1030792151577|31.185.10.92|Internet Explorer|fine|4|30786325577731|56|1030792151576|
2012-07-31T07:31:47.056+00:00|1030792151578|192.190.31.253|Chrome|About Wolfgang Amadeus Mozart, ge of five and performed before European About Bre|81|13194139533352|49|1030792151576|
2012-08-27T15:57:29.444+00:00|1030792151579|31.185.10.92|Internet Explorer|About Wolfgang Amadeus Mozart,  in Salzburg, but grew restless and traAbout |76|30786325577731|56|1030792151576|
2012-07-31T09:20:26.232+00:00|1030792151580|91.191.192.127|Firefox|no|2|24189255811081|4||1030792151578
2012-07-31T10:24:37.798+00:00|1030792151582|193.104.227.215|Internet Explorer|About Wolfgang Amadeus Mozart, ces of his early death have been much mythologized. He was survived by his wife ConstAbout El Salvador,  industrialization. In addition, t|169|26388279066641|86||1030792151578
2012-08-27T16:27:50.488+00:00|1030792151583|193.104.227.215|Internet Explorer|About Mary I of England, queen. Mary assembled a force in East Anglia, and succes|81|26388279066641|86||1030792151579
2012-07-31T19:15:16.928+00:00|1030792151584|91.191.192.127|Firefox|cool|4|24189255811081|4||1030792151582
2012-08-28T01:57:21.610+00:00|1030792151585|31.185.10.92|Internet Explorer|roflol|6|30786325577731|56||1030792151582
2012-08-28T15:39:47.552+00:00|1030792151587|192.190.31.253|Chrome|About Jacqueline Kennedy Onassis, r style, elegance, and grace. A fashion icon, her famous pink Chanel suit has become |119|13194139533352|49||1030792151583
2012-08-27T16:02:23.482+00:00|1030792151588|192.190.31.253|Chrome|About Wolfgang Amadeus Mozart, th the dark and passionate. His influencAbout R|78|13194139533352|49||1030792151579
2012-08-27T16:02:59.702+00:00|1030792151590|31.209.179.5|Firefox|LOL|3|28587302322204|101||1030792151588
2012-09-09T12:18:07.402+00:00|1099511628327|196.29.42.107|Firefox|ok|2|2199023255594|60||1030792151583
2012-05-18T15:20:34.006+00:00|962072675614|192.190.31.253|Chrome|yes|3|13194139533352|49|962072675613|
2012-05-18T12:20:04.808+00:00|962072675615|31.182.127.125|Internet Explorer|maybe|5|17592186044443|92|962072675613|
2012-05-17T20:28:59.395+00:00|962072675616|31.182.127.125|Internet Explorer|About Celia Cruz, ila Cobo of BillboardAbout Elvis Presley,  1968, after seven yeAb|83|17592186044443|92|962072675613|
2012-05-18T00:59:18.193+00:00|962072675617|110.76.148.124|Firefox|About Celia Cruz,  best known and most influential feAbout Elizabeth II, eth Alexandra Mary; born 21 Ap|103|2199023255594|51||962072675616
2012-05-17T20:51:57.539+00:00|962072675619|196.29.42.107|Firefox|ok|2|2199023255594|60|962072675613|
2012-07-13T19:54:52.562+00:00|1030792152357|186.64.7.5|Firefox|About The Gambia, tor in the placing and keeping of a colAbout Call the Man,|76|26388279066658|61|687194768676|
2011-11-21T03:40:43.375+00:00|755914245414|192.190.31.253|Chrome|roflol|6|13194139533352|49|687194768676|
2012-07-13T23:03:08.231+00:00|1030792152359|186.64.7.5|Firefox|About Downtown Train, er version of Downtown Train in 1989, but About Call the Man,|83|26388279066658|61||1030792152357
2012-02-28T17:22:51.967+00:00|824633722152|31.182.127.125|Internet Explorer|cool|4|17592186044443|92|687194768676|
2012-07-13T21:50:58.357+00:00|1030792152362|196.29.42.107|Firefox|LOL|3|2199023255594|60||1030792152357
2012-02-28T15:02:57.887+00:00|824633722155|31.182.127.125|Internet Explorer|About Humayun, an aid, regained them 15 years later. Humayun's reAbout Call the Man, er Sinfield who already wrote for Dion her 1995 smAbout George|147|17592186044443|92|687194768676|
2012-02-29T00:54:47.968+00:00|824633722157|31.182.127.125|Internet Explorer|I see|5|17592186044443|92|687194768676|
2012-07-13T19:55:24.460+00:00|1030792152366|192.190.31.253|Chrome|About Alpocalypse, ased as part of the EP Internet Leaks. ThAbout The Gambia, n.|80|13194139533352|49||1030792152357
2012-07-13T16:53:32.534+00:00|1030792152367|186.64.7.5|Firefox|About Beck, y Jean Anouilh. It is a depiction of tAbout Slovenia, taineerin|75|26388279066658|61||824633722155
2012-07-13T18:46:10.614+00:00|1030792152368|186.64.7.5|Firefox|About France, lgarotti (11 December 1712 – 3 May 1764About Palestinian territories, lishment of the Palestinian Na|114|26388279066658|61||824633722155
2011-10-18T16:02:02.895+00:00|687194768694|203.215.63.48|Firefox|About Garry Kasparov, vich Kasparov (boAbout Augustus, stepson and formeAbout Charles Darwin, the Darwin Off-RoAbout |117|2199023255557|65|687194768689|
2011-10-19T13:08:02.766+00:00|687194768695|203.215.63.48|Firefox|great|5|2199023255557|65||687194768694
2011-10-19T04:15:16.504+00:00|687194768696|203.215.63.48|Firefox|About Garry Kasparov, onths, by far tAbout Wayne Gretzky, up championshipAbout Hash Pipe, written |98|2199023255557|65|687194768689|
2011-10-18T22:25:10.886+00:00|687194768697|46.253.44.253|Firefox|thx|3|2199023255557|99||687194768694
2011-10-18T15:44:35.359+00:00|687194768701|203.215.63.48|Firefox|About Charles Darwin, ad Cyclists Club. RegAbout Claude Debussy, the most promine|81|2199023255557|65|687194768689|
2011-10-19T08:05:35.964+00:00|687194768706|203.215.63.48|Firefox|no|2|2199023255557|65||687194768701
2011-07-22T19:58:03.865+00:00|618475291982|203.215.63.48|Firefox|About Garry Kasparov, . He held the About Livy, lan in differeAbout Frank Zappa|79|2199023255557|65|343597385027|
2011-07-22T06:49:22.190+00:00|618475291985|203.215.63.48|Firefox|About William Randolph Hearst, public tours. Hearst formally named the estate La Cuesta EncaAbout Paraguay, ound 92% of the general population speaking Spanish and 98% sAbout Thaila|181|2199023255557|65|343597385027|
2011-07-22T04:44:57.259+00:00|618475291990|1.2.2.77|Firefox|maybe|5|8796093022237|1|412316861781|
2012-02-18T03:47:18.409+00:00|824633722199|91.191.192.127|Firefox|About Yevgeny Kafelnikov, les gold About Slavoj Žižek,  Society About Al Pacino,|80|24189255811081|4|412316861781|
2012-02-17T10:00:40.826+00:00|824633722201|27.116.34.47|Chrome|no|2|13194139533355|0|412316861784|
2012-02-17T04:16:14.627+00:00|824633722202|27.116.34.47|Chrome|great|5|13194139533355|0|412316861784|
2012-01-22T08:15:39.416+00:00|824633722206|27.116.34.47|Chrome|ok|2|13194139533355|0|687194768731|
2011-09-27T15:02:43.380+00:00|687194768735|196.29.42.107|Firefox|great|5|2199023255594|60|687194768731|
2011-09-27T12:04:32.809+00:00|687194768736|196.29.42.107|Firefox|great|5|2199023255594|60|687194768731|
2011-09-27T12:09:19.179+00:00|687194768739|196.29.42.107|Firefox|no way!|7|2199023255594|60|687194768731|
2012-05-27T06:24:23.704+00:00|962072675692|192.190.31.253|Chrome|thanks|6|13194139533352|49|893353198948|
2012-05-26T22:44:28.412+00:00|962072675694|192.190.31.253|Chrome|great|5|13194139533352|49|893353198948|
2012-07-01T08:15:35.643+00:00|962072675700|31.192.109.124|Internet Explorer|About Gamal Abdel Nasser, Non-Aligned About Slavoj Žižek,  current ongAbout William Morri|89|26388279066668|56|962072675699|
2012-07-02T02:51:28.417+00:00|962072675701|31.192.109.124|Internet Explorer|yes|3|26388279066668|56|962072675699|
2012-06-15T15:49:14.960+00:00|962072675702|203.215.63.48|Firefox|About Gamal Abdel Nasser, m, which won About The Velvet Underground & Nico,  |77|2199023255557|65|962072675699|
2012-06-15T09:43:49.468+00:00|962072675703|115.186.113.189|Safari|About Slavoj Žižek, don and president of tAbout Hungary, ary Listen/ˈhʌŋɡəri/ iAbout Jamaica, olony in 16|105|2199023255573|54|962072675699|
2012-06-15T15:49:30.636+00:00|962072675704|203.215.63.48|Firefox|no|2|2199023255557|65||962072675702
2012-07-01T08:44:40.408+00:00|962072675705|31.192.109.124|Internet Explorer|right|5|26388279066668|56||962072675700
2012-06-15T15:06:33.847+00:00|962072675706|186.64.7.5|Firefox|yes|3|26388279066658|61|962072675699|
2012-07-20T07:43:48.176+00:00|1030792152443|31.170.121.115|Internet Explorer|About Muhammad Ali Jinnah, ishment of About Slavoj Žižek, been a visiAbout|74|28587302322180|48||962072675703
2012-07-02T02:11:34.885+00:00|962072675708|203.215.63.48|Firefox|LOL|3|2199023255557|65||962072675700
2012-06-15T13:30:58.872+00:00|962072675709|27.116.34.47|Chrome|great|5|13194139533355|0||962072675703
2012-07-20T10:28:21.121+00:00|1030792152447|115.186.113.189|Safari|no way!|7|2199023255573|54||1030792152443
2012-07-01T10:47:15.211+00:00|962072675713|27.116.34.47|Chrome|right|5|13194139533355|0||962072675700
2012-06-15T18:16:34.651+00:00|962072675714|27.112.88.106|Internet Explorer|About Gamal Abdel Nasser, ionalized tAbout Slavoj Žižek, ommunist inAbout Ted Kenned|84|24189255811109|1|962072675699|
2012-08-03T18:49:46.491+00:00|1030792152452|41.188.97.221|Internet Explorer|LOL|3|28587302322196|25|962072675715|
2012-07-01T08:14:21.463+00:00|962072675717|31.192.109.124|Internet Explorer|thanks|6|26388279066668|56|962072675715|
2012-08-04T15:07:03.755+00:00|1030792152456|41.188.97.221|Internet Explorer|thanks|6|28587302322196|25|962072675715|
2012-06-14T22:06:19.263+00:00|962072675726|27.112.88.106|Internet Explorer|fine|4|24189255811109|1|962072675715|
2012-08-03T16:05:41.251+00:00|1030792152463|41.188.97.221|Internet Explorer|no way!|7|28587302322196|25|962072675715|
2012-06-14T22:17:55.381+00:00|962072675728|196.29.42.107|Firefox|About Socrates, lus is nAbout Yoko Ono, nnon. OnAbout Slavoj Žižek, ulturaliA|77|2199023255594|60|962072675715|
2012-06-15T05:22:54.203+00:00|962072675729|115.186.113.189|Safari|About Luciano Pavarotti, well known foAbout Charles I of England, s were markedAbout W|86|2199023255573|54||962072675728
2012-07-01T18:08:37.146+00:00|962072675730|31.192.109.124|Internet Explorer|roflol|6|26388279066668|56||962072675728
2012-06-16T07:24:46.055+00:00|962072675732|27.116.34.47|Chrome|ok|2|13194139533355|0|962072675731|
2012-06-15T15:16:06.622+00:00|962072675737|1.29.220.142|Chrome|About William Lyon Mackenzie King, erfect eaAbout Slavoj Žižek, of his fiAbout Alexande|87|21990232555527|1|962072675731|
2012-07-02T07:29:47.454+00:00|962072675742|31.192.109.124|Internet Explorer|LOL|3|26388279066668|56|962072675731|
2012-06-16T09:07:49.133+00:00|962072675744|186.64.7.5|Firefox|duh|3|26388279066658|61||962072675737
2012-08-04T05:28:30.593+00:00|1030792152489|41.188.97.221|Internet Explorer|About Pablo Picasso, sponsibleAbout Horatio Nelson, 1st Viscount Nelson, s pers|79|28587302322196|25|962072675747|
2012-08-04T14:56:10.360+00:00|1030792152490|115.186.113.189|Safari|roflol|6|2199023255573|54||1030792152489
2012-08-04T13:48:27.646+00:00|1030792152491|27.116.34.47|Chrome|cool|4|13194139533355|0||1030792152489
2012-07-08T08:27:44.724+00:00|962072675758|77.245.239.11|Firefox|maybe|5|14|80|962072675747|
2012-08-04T10:15:08.128+00:00|1030792152495|31.192.109.124|Internet Explorer|I see|5|26388279066668|56||1030792152489
2012-08-03T19:18:38.536+00:00|1030792152497|41.188.97.221|Internet Explorer|About Gloria Macapagal-Arroyo,  the filingAbout Horatio Nelson, 1st Viscount Nelso|82|28587302322196|25|962072675747|
2012-05-27T06:56:39.166+00:00|962072675894|193.104.227.215|Internet Explorer|LOL|3|26388279066641|86|687194768949|
2012-07-20T17:04:54.498+00:00|1030792152631|31.170.121.115|Internet Explorer|About Muammar Gaddafi, une 1942Sirte, LibyAbout David Bowie, owie continue|74|28587302322180|48|687194768949|
2012-05-14T01:54:59.422+00:00|962072675896|31.209.179.5|Firefox|About Muammar Gaddafi,  be merely a symbolic figurAbout South Georgia and the |78|28587302322204|101|687194768949|
2012-08-18T10:26:08.041+00:00|1030792152633|148.204.226.31|Chrome|About Muammar Gaddafi, le=en's signature Military seAbout Portrait of an American Fami|86|32|53|687194768949|
2012-08-19T09:18:37.089+00:00|1030792152634|41.188.97.221|Internet Explorer|About Muammar Gaddafi, mposing sanctions. SiAbout Janet Jackson,  certified album|81|28587302322196|25||1030792152633
2012-07-20T19:22:32.559+00:00|1030792152636|193.104.227.215|Internet Explorer|fine|4|26388279066641|86||1030792152631
2012-07-20T17:07:07.631+00:00|1030792152637|41.188.97.221|Internet Explorer|no way!|7|28587302322196|25||1030792152631
2012-05-14T01:49:39.058+00:00|962072675905|31.209.179.5|Firefox|no|2|28587302322204|101|549755815486|
2012-07-21T11:11:47.783+00:00|1030792152648|31.170.121.115|Internet Explorer|fine|4|28587302322180|48|549755815495|
2012-01-17T23:19:50.926+00:00|824633722442|196.29.42.107|Internet Explorer|About Jan Hus, s the Hussite Wars. A century later, as many About Kanye West,  Beautiful Dark Twisted Fantasy in 2010. WestAbout Indi|133|2199023255594|60|549755815495|
2012-07-20T16:44:16.980+00:00|1030792152651|31.170.121.115|Internet Explorer|About Mel Blanc,  Melodies theatrical cartoons. He later worked for Hanna-Barbera's television cartoons, mosAbout Jack Kerouac,  All of his books are in print today, among them: On|180|28587302322180|48|549755815495|
2012-07-21T02:16:50.010+00:00|1030792152652|196.29.42.107|Firefox|roflol|6|2199023255594|60||1030792152651
2012-08-18T21:02:03.424+00:00|1030792152653|148.204.226.31|Chrome|cool|4|32|53|549755815495|
2012-07-20T21:20:28.603+00:00|1030792152654|193.104.227.215|Internet Explorer|ok|2|26388279066641|86||1030792152651
2012-07-20T17:21:07.129+00:00|1030792152655|91.223.132.248|Internet Explorer|yes|3|10995116277761|78||1030792152651
2012-08-09T21:36:23.908+00:00|1030792153237|91.191.192.127|Firefox|roflol|6|24189255811081|4|1030792153235|
2012-08-09T21:41:57.157+00:00|1030792153238|91.191.192.127|Firefox|About Long Tall Sally,  on 19 June 1964. It was also released in Spain and FAbout Kiribati,  a number of|104|24189255811081|4|1030792153235|
2012-08-10T00:46:06.360+00:00|1030792153239|61.16.136.118|Chrome|great|5|8796093022244|0|1030792153235|
2012-08-10T15:17:49.873+00:00|1030792153240|203.215.63.48|Firefox|I see|5|2199023255557|65|1030792153235|
2012-08-10T08:58:42.693+00:00|1030792153241|203.215.63.48|Firefox|roflol|6|2199023255557|65||1030792153238
2012-08-10T12:42:46.347+00:00|1030792153250|49.206.89.61|Safari|About Hilary Duff, osis, saying tAbout James Bond, o been two indAbout Madagascar,|82|32985348833329|0|687194769569|
2012-08-10T16:13:55.717+00:00|1030792153253|61.16.136.118|Chrome|duh|3|8796093022244|0||1030792153250
2012-08-11T09:10:06.014+00:00|1030792153260|49.206.89.61|Safari|About Salvador Dalí, Moors. Dalí was About Northern Ireland,  constituting abAbout Madagas|90|32985348833329|0||1030792153250
2012-05-05T10:47:37.766+00:00|893353199944|180.222.139.188|Internet Explorer|good|4|26388279066632|59|893353199943|
2012-07-27T23:51:47.234+00:00|1030792153417|27.4.90.237|Internet Explorer|duh|3|19791209299968|0|893353199943|
2012-08-13T00:43:54.967+00:00|1030792153420|41.223.177.12|Safari|ok|2|28587302322209|60|893353199943|
2012-06-29T09:46:29.795+00:00|962072676685|24.38.139.231|Firefox|About Christopher Lee, films, most recently with Dark Shadows (2012). Lee cons|78|10995116277783|57|893353199943|
2012-05-05T18:40:54.163+00:00|893353199950|1.29.220.142|Chrome|About Katarina Srebotnik, oubles Grand Slam title, as well as five GAbout Walk This|83|21990232555527|1|893353199943|
2012-07-27T13:16:00.637+00:00|1030792153426|41.188.97.221|Internet Explorer|duh|3|28587302322196|25|893353199943|
2012-06-15T08:12:21.969+00:00|962072676695|197.220.203.36|Firefox|About Niccolò Machiavelli, lorence during the Renaissance. A foAbout Slavoj Žižek, king in the traditions of HegelianisAbout Ghana, the Briti|141|19791209299987|110|962072676693|
2012-06-16T02:21:05.803+00:00|962072676696|31.41.169.140|Chrome|cool|4|16|92||962072676695
2012-06-15T07:55:13.314+00:00|962072676697|186.64.7.5|Firefox|About Slavoj Žižek, view with Amy GooAbout Ultramega OK, a Grammy Award noAbout Sa|82|26388279066658|61|962072676693|
2012-06-15T08:00:07.413+00:00|962072676698|196.29.42.107|Firefox|I see|5|2199023255594|60||962072676697
2012-06-15T08:21:22.873+00:00|962072676700|103.1.176.97|Safari|maybe|5|28587302322223|100||962072676695
2012-06-29T09:00:32.415+00:00|962072676702|24.38.139.231|Firefox|right|5|10995116277783|57|962072676693|
2012-06-15T14:54:04.503+00:00|962072676703|148.204.226.31|Chrome|About Salvador Dalí, or luxury and my love About Ghana, due to Akan's gold weaAbout Ca|86|32|53||962072676695
2012-08-27T02:07:07.369+00:00|1030792153443|192.190.31.253|Chrome|good|4|13194139533352|49|962072676693|
2012-06-15T08:16:50.244+00:00|962072676709|31.24.165.15|Firefox|good|4|10995116277808|89||962072676695
2012-08-26T07:25:48.908+00:00|1030792153448|192.190.31.253|Chrome|yes|3|13194139533352|49|962072676711|
2012-08-12T05:35:03.568+00:00|1030792153449|27.122.45.252|Internet Explorer|I see|5|10995116277782|52|962072676711|
2012-06-15T12:32:23.617+00:00|962072676715|31.41.169.140|Chrome|no|2|16|92|962072676711|
2012-06-15T08:04:58.427+00:00|962072676716|1.29.220.142|Chrome|maybe|5|21990232555527|1|962072676711|
2012-06-15T11:27:13.197+00:00|962072676717|1.29.220.142|Chrome|LOL|3|21990232555527|1|962072676711|
2012-06-15T23:08:56.654+00:00|962072676718|103.1.176.97|Safari|duh|3|28587302322223|100|962072676711|
2012-06-16T07:52:46.334+00:00|962072676721|180.222.139.188|Internet Explorer|About Slavoj Žižek, ne and the UnivAbout Andrew Carnegie, , 1835 – AugustAbout Northe|85|26388279066632|59|962072676720|
2012-06-16T15:52:37.390+00:00|962072676722|31.182.127.125|Internet Explorer|no|2|17592186044443|92||962072676721
2012-06-16T11:06:51.788+00:00|962072676734|103.1.176.97|Safari|thx|3|28587302322223|100||962072676721
2012-06-29T16:04:10.656+00:00|962072676755|24.38.139.231|Firefox|maybe|5|10995116277783|57|962072676747|
2012-06-14T02:32:13.130+00:00|962072676756|49.50.77.195|Firefox|About Slavoj Žižek, vine and the About Dizzy Gillespie,  musicians, iAbout Billie Holida|88|8796093022234|0|962072676747|
2012-06-21T21:24:20.815+00:00|962072676759|83.147.232.27|Firefox|About Wilhelm II, German Emperor, any on a bAbout Michelangelo,  after theAbout Slavo|85|2199023255557|80|962072676747|
2012-06-21T23:19:53.593+00:00|962072676764|148.204.226.31|Chrome|ok|2|32|53||962072676759
2012-06-16T10:45:04.866+00:00|962072676768|180.222.139.188|Internet Explorer|About H. G. Wells, es. Together with Jules Verne About Terry Pratchett, erature in 2009|87|26388279066632|59|962072676767|
2012-08-28T07:02:38.533+00:00|1030792153505|46.154.44.101|Firefox|great|5|15393162788877|105||962072676768
2012-06-16T07:32:37.447+00:00|962072676772|148.204.226.31|Chrome|thanks|6|32|53|962072676770|
2012-06-16T03:52:35.785+00:00|962072676775|77.245.239.11|Firefox|thx|3|14|80|962072676770|
2012-08-28T18:46:01.418+00:00|1030792153513|46.154.44.101|Firefox|About Henry Fonda, oved both toward darker epics as Sergio LAbout Hella Good, rk|80|15393162788877|105|962072676770|
2012-07-28T12:19:02.738+00:00|1030792153514|41.188.97.221|Internet Explorer|ok|2|28587302322196|25|962072676770|
2012-06-15T08:55:04.221+00:00|962072676780|196.29.42.107|Firefox|About Otto von Bismarck, 0s and 1880s. HAbout Doris Day, ation in the laAbout Live on T|87|2199023255594|60|962072676779|
2012-06-15T21:13:57.287+00:00|962072676781|1.29.220.142|Chrome|roflol|6|21990232555527|1|962072676779|
2012-06-29T22:50:23.841+00:00|962072676785|24.38.139.231|Firefox|About Slavoj Žižek, , Hegelian phAbout Live on Two Legs, e United StatAbout |76|10995116277783|57|962072676779|
2012-06-21T02:00:49.123+00:00|962072676792|203.215.63.48|Firefox|no way!|7|2199023255557|65|962072676791|
2012-06-24T13:35:19.042+00:00|962072676797|24.50.134.194|Firefox|About Pope Pius XII, ee, and Pius'About Ulysses S. Grant, ians until reAbout What a Wonder|90|6597069766702|57|962072676791|
2012-06-29T09:41:38.936+00:00|962072676799|24.38.139.231|Firefox|no way!|7|10995116277783|57|962072676798|
2012-06-15T21:29:39.034+00:00|962072676800|31.24.165.15|Firefox|About Prince Philip, Duke of Edinburgh, h's Award Scheme fAbout Slavoj Žižek, ciety for |88|10995116277808|89|962072676798|
2012-06-16T05:06:27.394+00:00|962072676802|31.41.169.140|Chrome|yes|3|16|92|962072676798|
2012-06-16T09:47:44.989+00:00|962072676803|180.222.139.188|Internet Explorer|no way!|7|26388279066632|59||962072676800
2012-06-15T20:17:25.284+00:00|962072676805|148.204.226.31|Chrome|About Prince Philip, Duke of Edinburgh, of carriage dAbout Slavoj Žižek, p|74|32|53|962072676798|
2012-08-12T14:17:56.385+00:00|1030792153543|41.223.177.12|Safari|right|5|28587302322209|60||962072676800
2012-06-16T00:36:18.712+00:00|962072676812|148.204.226.31|Chrome|good|4|32|53|962072676809|
2012-06-15T22:07:05.369+00:00|962072676813|1.2.2.77|Firefox|About Dwight D. Eisenhower, sia and its pilot capAbout Tanzania, ficially the Un|80|8796093022237|1|962072676809|
2012-06-23T14:29:50.548+00:00|962072676814|189.202.102.202|Firefox|thanks|6|6597069766702|53|962072676809|
2012-06-15T17:53:12.058+00:00|962072676815|31.24.165.15|Firefox|About Michel Foucault,  social anthropology from wAbout David Cameron, -year-old Cameron became thAbout Heartbreak on Vinyl, 0 copies |134|10995116277808|89|962072676809|
2012-06-23T15:42:59.468+00:00|962072676816|196.46.127.20|Firefox|duh|3|6597069766702|110|962072676809|
2012-06-15T22:11:18.904+00:00|962072676818|31.41.169.140|Chrome|cool|4|16|92||962072676813
2012-07-27T22:27:04.418+00:00|1030792153555|41.188.97.221|Internet Explorer|About David Hume, on, for example, is juAbout Mary Magdalene, disciples, and the mos|84|28587302322196|25|962072676809|
2012-08-12T08:16:58.238+00:00|1030792153557|27.122.45.252|Internet Explorer|About Slavoj Žižek, an rights, ecology, globalizatiAbout Sultans of Swing,  song was first recorded as a dAbout Dream Lover, song. The song became a mu|151|10995116277782|52|962072676820|
2012-08-12T09:51:40.083+00:00|1030792153558|91.223.132.248|Internet Explorer|About Slavoj Žižek,  globalization, About Laurence Olivier, encer Tracy saidAbo|79|10995116277761|78||1030792153557
2012-08-12T08:53:18.440+00:00|1030792153559|196.29.42.107|Firefox|great|5|2199023255594|60||1030792153557
2012-08-12T18:46:42.705+00:00|1030792153560|27.122.45.252|Internet Explorer|About Sultans of Swing,  it to becomAbout British Empire, eved its larAbout Yuan|80|10995116277782|52|962072676820|
2012-02-20T11:36:02.188+00:00|824633723372|1.2.2.77|Firefox|LOL|3|8796093022237|1|824633723371|
2012-02-20T11:30:08.595+00:00|824633723375|192.190.31.253|Chrome|no way!|7|13194139533352|49|824633723371|
2012-02-20T19:27:12.281+00:00|824633723378|27.112.88.106|Internet Explorer|About Albert Einstein, instein was in support of defending the AllAbout Duchy of War|84|24189255811109|1|824633723371|
2012-02-20T19:20:06.511+00:00|824633723379|31.182.127.125|Internet Explorer|About Charles Lindbergh, orps colonel's commission that he had resigned in April 194|84|17592186044443|92|824633723371|
2012-04-11T04:09:16.506+00:00|893353200134|31.209.42.207|Internet Explorer|roflol|6|13194139533342|101|893353200130|
2012-07-28T13:16:10.138+00:00|1030792153630|1.2.2.77|Firefox|About Giacomo Puccini, tially based on traditional late-19th century Italian opera|82|8796093022237|1|1030792153627|
2012-07-29T01:07:30.685+00:00|1030792153631|31.182.127.125|Internet Explorer|yes|3|17592186044443|92||1030792153630
2012-01-13T06:56:43.609+00:00|824633724082|31.41.169.140|Chrome|About Vladimir Putin, by Medvedev to be RussiAbout Theodore Roosevelt, emphasizing that t|89|16|92|824633724081|
2012-04-11T22:59:51.381+00:00|893353200819|91.191.192.127|Firefox|great|5|24189255811081|4||824633724082
2012-06-06T03:38:43.165+00:00|962072677556|41.188.97.221|Internet Explorer|great|5|28587302322196|25||824633724082
2012-07-17T09:24:45.481+00:00|1030792154298|31.41.169.140|Chrome|yes|3|16|92|1030792154296|
2012-07-17T13:17:52.156+00:00|1030792154299|41.203.147.168|Internet Explorer|no way!|7|17592186044461|90|1030792154296|
2012-07-17T21:32:36.004+00:00|1030792154300|31.192.109.124|Internet Explorer|no|2|26388279066668|56|1030792154296|
2012-07-17T11:07:18.309+00:00|1030792154302|192.190.31.253|Chrome|About Fidel Castro, various topics, he has had a signifiAbout Ray Bradbury,  speculative fiction. Many of |106|13194139533352|49|1030792154296|
2011-12-29T17:09:48.177+00:00|755914247360|31.209.42.207|Internet Explorer|thx|3|13194139533342|101|343597386943|
2011-09-04T04:11:04.935+00:00|618475293889|61.16.136.118|Chrome|LOL|3|8796093022244|0|343597386943|
2011-11-14T03:21:03.070+00:00|755914247362|46.154.44.101|Firefox|great|5|15393162788877|105|343597386943|
2011-09-30T15:55:06.788+00:00|687194770631|91.223.132.248|Internet Explorer|About Ron Paul, nd as a Republican in 2008 and currentlyAbout Even If It Kills |79|10995116277761|78|687194770630|
2012-01-18T07:14:41.396+00:00|824633724104|192.190.31.253|Chrome|About Henry Clay, ain of 1824, after which he was appointed Secretary of Stat|77|13194139533352|49||687194770631
2012-07-08T18:58:07.102+00:00|962072677578|41.203.147.168|Internet Explorer|fine|4|17592186044461|90||824633724104
2012-01-18T08:02:45.464+00:00|824633724107|148.204.226.31|Chrome|LOL|3|32|53||824633724104
2012-04-12T04:20:37.011+00:00|893353200844|91.191.192.127|Firefox|LOL|3|24189255811081|4||687194770631
2012-02-22T02:37:16.001+00:00|824633724110|31.209.42.207|Internet Explorer|I see|5|13194139533342|101|824633724109|
2012-02-21T15:02:24.395+00:00|824633724111|192.190.31.253|Chrome|yes|3|13194139533352|49|824633724109|
2012-02-21T17:40:57.374+00:00|824633724112|61.16.136.118|Firefox|no way!|7|8796093022244|0|824633724109|
2012-09-08T17:20:00.862+00:00|1099511631057|31.170.121.115|Internet Explorer|thanks|6|28587302322180|48|824633724109|
2012-02-22T05:12:20.840+00:00|824633724114|148.204.226.31|Chrome|About Fidel Castro, rom the party's About Elizabeth II,  Head of the ComAbout B|79|32|53|824633724109|
2012-02-21T15:33:11.934+00:00|824633724115|148.204.226.31|Chrome|thanks|6|32|53|824633724109|
2012-01-18T12:57:23.664+00:00|824633724118|192.190.31.253|Chrome|About Katharine Hepburn, nres, from screwball comedy to About William Henry Harrison, 1811|90|13194139533352|49|412316863700|
2012-01-18T13:01:46.800+00:00|824633724119|31.209.42.207|Internet Explorer|fine|4|13194139533342|101||824633724118
2012-07-09T01:01:30.898+00:00|962072677594|41.203.147.168|Internet Explorer|About Samuel Beckett, e of the Absurd. His work became increasinglyAbout Benny Goodman, |88|17592186044461|90||824633724118
2012-05-17T20:22:43.104+00:00|962072677603|192.190.31.253|Chrome|fine|4|13194139533352|49|962072677602|
2012-05-18T01:34:40.387+00:00|962072677604|192.190.31.253|Chrome|About Fidel Castro, retary of the newly founded Communist ParAbout Italian Socia|80|13194139533352|49|962072677602|
2012-05-18T08:43:38.190+00:00|962072677606|88.218.123.101|Firefox|duh|3|24189255811081|78|962072677602|
2012-07-09T14:28:53.930+00:00|1030792154343|41.203.147.168|Internet Explorer|maybe|5|17592186044461|90||962072677604
2012-05-18T23:44:52.958+00:00|962072677608|186.64.7.5|Firefox|yes|3|26388279066658|61||962072677604
2011-03-12T08:57:07.249+00:00|481036340458|91.223.132.248|Internet Explorer|About Nikolai Rimsky-Korsakov, de. Through his service as Inspector of Naval B|78|10995116277761|78|412316863721|
2012-06-22T03:37:22.221+00:00|962072677611|31.192.109.124|Internet Explorer|yes|3|26388279066668|56|412316863721|
2011-12-29T12:07:03.888+00:00|755914247404|31.209.42.207|Internet Explorer|thanks|6|13194139533342|101|412316863721|
2011-09-04T08:43:53.724+00:00|618475293934|61.16.136.118|Chrome|About David Bowie, orld of popular music, Bowie is widely reAbout Bugs Bunny, lan|81|8796093022244|0|412316863721|
2012-06-05T15:30:55.128+00:00|962072677615|41.188.97.221|Internet Explorer|About Nikolai Rimsky-Korsakov, itic Vladimir Stasov, in developing a natioAbout Reba|84|28587302322196|25||481036340458
2011-09-04T04:33:53.757+00:00|618475293937|61.16.136.118|Chrome|LOL|3|8796093022244|0|206158433520|
2011-03-12T10:16:05.514+00:00|481036340467|91.223.132.248|Internet Explorer|right|5|10995116277761|78|206158433520|
2011-12-29T13:12:14.523+00:00|755914247413|31.209.42.207|Internet Explorer|About Fidel Castro, e took a key role in the Cuban Revolution, lAbout Robert Plant,  t|86|13194139533342|101|206158433520|
2011-12-30T09:06:10.896+00:00|755914247414|91.223.132.248|Internet Explorer|thx|3|10995116277761|78||755914247413
2011-11-14T01:36:39.937+00:00|755914247416|46.154.44.101|Firefox|roflol|6|15393162788877|105|343597386999|
2012-07-08T17:06:27.462+00:00|962072677625|41.203.147.168|Internet Explorer|About Nikita Khrushchev, to 1964. Khrushchev was reAbout In the End, songs, r|77|17592186044461|90|343597386999|
2012-07-08T18:50:30.511+00:00|962072677626|41.203.147.168|Internet Explorer|yes|3|17592186044461|90|343597386999|
2012-07-08T22:21:38.119+00:00|962072677627|31.209.42.207|Internet Explorer|fine|4|13194139533342|101||962072677625
2012-07-08T17:07:11.535+00:00|962072677628|91.228.192.183|Internet Explorer|no way!|7|28587302322196|82||962072677625
2011-06-24T02:41:16.075+00:00|549755817213|148.204.226.31|Chrome|fine|4|32|53|343597386999|
2011-11-13T23:11:43.919+00:00|755914247423|46.154.44.101|Firefox|good|4|15393162788877|105|549755817214|
2011-06-24T02:49:01.675+00:00|549755817216|148.204.226.31|Chrome|cool|4|32|53|549755817214|
2012-01-16T05:51:09.803+00:00|824633724163|186.64.7.5|Firefox|ok|2|26388279066658|61|549755817214|
2012-09-08T16:51:41.834+00:00|1099511631108|31.170.121.115|Internet Explorer|great|5|28587302322180|48|549755817214|
2011-06-16T05:23:31.240+00:00|549755817222|91.223.132.248|Internet Explorer|great|5|10995116277761|78|549755817214|
2012-06-05T08:14:38.773+00:00|962072677639|41.188.97.221|Internet Explorer|I see|5|28587302322196|25|549755817214|
2011-11-14T04:10:18.502+00:00|755914247434|46.154.44.101|Firefox|About Robert Burns, lecular structure. He also worked closely with Roald Hoffmann on theoretical studies oAbout Moldova, urrently aspires to join the European Union, and |170|15393162788877|105|412316863753|
2012-06-21T21:41:13.451+00:00|962072677643|46.17.39.49|Internet Explorer|duh|3|26388279066668|37|412316863753|
2011-11-14T12:08:57.539+00:00|755914247436|31.41.169.140|Chrome|thx|3|16|92||755914247434
2011-03-12T16:41:21.631+00:00|481036340493|91.223.132.248|Internet Explorer|I see|5|10995116277761|78|412316863753|
2012-06-21T05:51:18.536+00:00|962072677646|31.192.109.124|Internet Explorer|About Robert Burns, s and the determination of tAbout Moldova, ther international |82|26388279066668|56||755914247434
2012-09-09T06:54:45.178+00:00|1099511631121|31.170.121.115|Internet Explorer|About Niccolò Machiavelli,  in the ItaliaAbout Slavoj Žižek, n in English, About Ge|83|28587302322180|48|412316863753|
2012-09-09T12:02:21.370+00:00|1099511631122|41.203.147.168|Internet Explorer|About Niccolò Machiavelli, had recoveredAbout Geoffrey Chaucer, d were FrenchAbout Sa|85|17592186044461|90||1099511631121
2012-07-27T19:49:03.889+00:00|1030792154389|148.204.226.31|Chrome|no|2|32|53|1030792154388|
2012-07-27T02:38:01.484+00:00|1030792154391|31.209.42.207|Internet Explorer|About Lebanon, more Muslims. Lebanon gained independence in 1943, and established a unique|90|13194139533342|101|1030792154388|
2012-07-27T11:11:47.465+00:00|1030792154392|31.192.109.124|Internet Explorer|I see|5|26388279066668|56|1030792154388|
2012-07-28T02:23:24.469+00:00|1030792154394|31.192.109.124|Internet Explorer|About Thomas Aquinas,  north of Los Angeles. It offers a unique education with co|81|26388279066668|56||1030792154391
2012-07-28T02:25:17.346+00:00|1030792154395|31.41.169.140|Chrome|About Thomas Aquinas,  is a Roman Catholic liberal arts college oAbout Hillary Rodham|85|16|92||1030792154394
2012-07-27T02:57:59.749+00:00|1030792154396|91.223.132.248|Internet Explorer|right|5|10995116277761|78||1030792154391
2012-09-08T17:26:12.086+00:00|1099511631133|31.170.121.115|Internet Explorer|great|5|28587302322180|48||1030792154394
2012-07-27T03:43:11.400+00:00|1030792154398|186.64.7.5|Firefox|great|5|26388279066658|61||1030792154391
2012-09-09T11:04:35.145+00:00|1099511631137|41.63.8.92|Internet Explorer|About Jay-Z, ially successful hip hop artists and eAbout Janet Jackson, ch as Nasty, Rhythm Nation, That's theAbout Grover Cleveland, presidency in the|151|28587302322180|110|549755817247|
2012-04-12T21:02:07.028+00:00|893353200933|91.191.192.127|Firefox|no way!|7|24189255811081|4|549755817247|
2012-07-08T19:52:17.839+00:00|962072677670|41.203.147.168|Internet Explorer|About David Hockney,  1937) is an EngAbout Jay-Z, ngwriter, recordAbout Sno|75|17592186044461|90|549755817247|
2012-06-05T04:39:32.036+00:00|962072677671|41.210.92.162|Internet Explorer|About David Hockney, id Hockney, OM, CH, RAbout Cole Porter, hymes and complex forA|83|28587302322196|60|549755817247|
2011-11-08T07:17:00.936+00:00|755914247465|31.41.169.140|Chrome|About David Hockney, ton, Yorkshire and Kensington,About Saudi Arabia, acilitating the |87|16|92|549755817247|
2012-01-18T04:16:01.676+00:00|824633724203|192.190.31.253|Chrome|thx|3|13194139533352|49|412316863786|
2011-11-07T22:39:01.786+00:00|755914247468|31.41.169.140|Chrome|no way!|7|16|92|412316863786|
2012-07-08T19:38:17.730+00:00|962072677678|41.203.147.168|Internet Explorer|roflol|6|17592186044461|90|412316863786|
2012-01-16T04:04:47.238+00:00|824633724207|186.64.7.5|Firefox|ok|2|26388279066658|61|412316863786|
2011-12-29T13:49:43.441+00:00|755914247472|31.209.42.207|Internet Explorer|great|5|13194139533342|101|412316863786|
2011-09-04T13:16:58.336+00:00|618475294001|61.16.136.118|Chrome|About Bill Clinton,  promote and addAbout Good Day Sunshine, y McCartney an|75|8796093022244|0|412316863786|
2012-04-12T01:28:44.964+00:00|893353200946|91.191.192.127|Firefox|thx|3|24189255811081|4|412316863786|
2011-06-24T14:01:24.142+00:00|549755817267|148.204.226.31|Chrome|About Bill Clinton, ship to attend theAbout Molière, the use of salle dAbout Sierra Leon|88|32|53|412316863786|
2011-11-14T02:37:11.074+00:00|755914247476|46.154.44.101|Firefox|LOL|3|15393162788877|105|412316863786|
2011-09-04T05:48:48.319+00:00|618475294006|61.16.136.118|Chrome|I see|5|8796093022244|0|549755817269|
2012-04-12T02:03:58.778+00:00|893353200951|91.191.192.127|Firefox|About Napoleon,  of generalAbout William Randolph Hearst, times crediAbout Noctu|80|24189255811081|4|549755817269|
2012-07-08T19:06:51.563+00:00|962072677689|41.203.147.168|Internet Explorer|About Fidel Castro, gades who worAbout Robert Plant, ars, Plant isAbout Noc|75|17592186044461|90|549755817269|
2012-07-09T08:42:41.264+00:00|1030792154426|31.209.42.207|Internet Explorer|About William Penn,  in the House of CommonAbout Oliver Stone, ss (1978), and Best DirAbo|89|13194139533342|101||962072677689
2012-04-12T08:43:18.264+00:00|893353200955|91.223.132.248|Internet Explorer|yes|3|10995116277761|78||893353200951
2011-06-24T06:30:30.115+00:00|549755817276|148.204.226.31|Chrome|great|5|32|53|549755817269|
2012-09-09T14:44:22.386+00:00|1099511631165|31.170.121.115|Internet Explorer|About Napoleon, fter France's dAbout David Hockney,  twentieth centAbout Steven Spielberg, Terrestria|101|28587302322180|48|549755817269|
2012-01-17T16:55:02.920+00:00|824633724225|192.190.31.253|Chrome|fine|4|13194139533352|49|549755817280|
2011-09-04T06:39:22.185+00:00|618475294018|61.16.136.118|Chrome|About David Hockney, of the 1960s, he is considerAbout Miley Cyrus, , an extended|81|8796093022244|0|549755817280|
2011-12-29T12:13:23.891+00:00|755914247491|31.209.42.207|Internet Explorer|About Martina Navratilova, 1, but on January 9About David Hockney, (born 9|74|13194139533342|101||618475294018
2012-06-05T08:20:18.236+00:00|962072677700|41.188.97.221|Internet Explorer|I see|5|28587302322196|25||755914247491
2012-09-09T15:34:35.858+00:00|1099511631173|31.170.121.115|Internet Explorer|About David Hockney,  Yorkshire and Kensington, LondonAbout Miley Cyrus, d a nomination for the Golden GloAbout Olivia Newton-Jo|128|28587302322180|48||618475294018
2012-09-09T19:24:09.487+00:00|1099511631174|46.154.44.101|Firefox|fine|4|15393162788877|105||1099511631173
2012-09-10T07:43:09.782+00:00|1099511631176|186.64.7.5|Firefox|maybe|5|26388279066658|61||1099511631173
2012-06-21T05:52:14.752+00:00|962072677705|31.192.109.124|Internet Explorer|About David Hockney, ter, draughtsman,About Doris Day, d girl next door About Pump|82|26388279066668|56|549755817280|
2011-06-15T12:52:10.032+00:00|549755817290|91.223.132.248|Internet Explorer|no way!|7|10995116277761|78|549755817280|
2012-06-20T00:37:02.880+00:00|962072678034|41.188.97.221|Internet Explorer|duh|3|28587302322196|25|893353201296|
2012-02-17T18:54:04.453+00:00|824633725039|196.29.42.107|Firefox|right|5|2199023255594|60|824633725035|
2012-02-18T01:05:24.080+00:00|824633725041|186.64.7.5|Firefox|no|2|26388279066658|61|824633725035|
2012-08-19T01:40:35.581+00:00|1030792155250|41.138.152.166|Chrome|About Leonard Cohen,  and career of Leonard Cohen. It is based on a January 2005 tribute shAbout Zaire, self an adaptation of the Kongo wor|139|13194139533352|25|824633725035|
2012-08-18T12:46:35.266+00:00|1030792155251|192.190.31.253|Chrome|About Leonard Cohen, Far for Beauty, which was produced by HalAbout Whatever Gets|81|13194139533352|49|824633725035|
2012-02-18T06:06:37.841+00:00|824633725045|186.64.7.5|Firefox|no|2|26388279066658|61|824633725035|
2012-08-19T02:01:38.598+00:00|1030792155254|192.190.31.253|Chrome|fine|4|13194139533352|49||1030792155250
2011-12-31T16:58:17.040+00:00|755914248312|196.29.42.107|Firefox|About Mickey Rooney, ward, two Golden Globes and an Emmy Award. WorAbout Windy, opulation |90|2199023255594|60|755914248311|
2011-12-31T13:31:43.139+00:00|755914248314|196.29.42.107|Firefox|good|4|2199023255594|60|755914248311|
2012-08-19T00:33:16.447+00:00|1030792155259|192.190.31.253|Chrome|thanks|6|13194139533352|49||755914248312
2012-08-18T10:48:27.280+00:00|1030792155260|192.190.31.253|Chrome|About Mickey Rooney, in ten decades, from 1920s to 2010s. FoAbout Hyderabad State,  was one of the princely states|114|13194139533352|49||755914248312
2012-02-09T18:56:04.295+00:00|824633725054|186.64.7.5|Firefox|cool|4|26388279066658|61||755914248312
2012-08-18T04:32:11.038+00:00|1030792155263|192.190.31.253|Chrome|fine|4|13194139533352|49|755914248311|
2012-08-18T04:07:40.745+00:00|1030792155265|192.190.31.253|Chrome|yes|3|13194139533352|49|755914248311|
2012-02-09T11:21:52.250+00:00|824633725058|186.64.7.5|Firefox|roflol|6|26388279066658|61||755914248312
2012-02-09T20:28:07.826+00:00|824633725060|186.64.7.5|Firefox|About Leonard Cohen,  Canada by Lions Gate films along withAbout Sure Shot,|75|26388279066658|61|687194771587|
2012-08-18T04:43:49.823+00:00|1030792155269|192.190.31.253|Chrome|About Leonard Cohen,  and U2, which was not recorded live, but fAbout Days of Future|84|13194139533352|49||824633725060
2012-08-18T08:37:50.360+00:00|1030792155271|196.29.42.107|Firefox|About Days of Future Passed, ades to come. Utilising the London FestivalAbout The Wor|85|2199023255594|60||1030792155269
2012-08-18T05:01:21.894+00:00|1030792155272|196.29.42.107|Firefox|fine|4|2199023255594|60||1030792155269
2012-08-18T21:45:42.175+00:00|1030792155273|192.190.31.253|Chrome|no way!|7|13194139533352|49||1030792155271
2012-08-18T04:44:30.926+00:00|1030792155274|192.190.31.253|Chrome|yes|3|13194139533352|49||1030792155269
2012-08-18T20:42:42.530+00:00|1030792155275|186.64.7.5|Firefox|fine|4|26388279066658|61||1030792155269
2012-02-10T07:40:19.202+00:00|824633725068|186.64.7.5|Firefox|cool|4|26388279066658|61|687194771587|
2012-08-18T10:49:15.032+00:00|1030792155277|196.29.42.107|Firefox|About Leonard Cohen,  by Leonard Cohen and U2, which was not recordedAbout Days of Future Passed, R&B roots (as displayed on its debut album w|142|2199023255594|60||1030792155269
2012-08-18T14:00:44.071+00:00|1030792155278|186.64.7.5|Firefox|About Days of Future Passed, ays of Future Passed is the second album and first concept album by The Moody Blues, releaseAbout Never Gonna Give You Up,  released as DLC for the game |182|26388279066658|61||1030792155271
2012-02-09T13:31:28.618+00:00|824633725073|186.64.7.5|Firefox|roflol|6|26388279066658|61|755914248335|
2012-02-09T14:28:00.262+00:00|824633725074|186.64.7.5|Firefox|no way!|7|26388279066658|61|755914248335|
2012-08-18T17:39:30.511+00:00|1030792155283|192.190.31.253|Chrome|LOL|3|13194139533352|49|755914248335|
2012-02-09T22:18:15.462+00:00|824633725076|186.64.7.5|Firefox|right|5|26388279066658|61|755914248335|
2012-02-09T15:48:06.308+00:00|824633725079|186.64.7.5|Firefox|About James Brown, own (May 3, 1933 – December 25, 2006) was anAbout Pahlavi dynasty, |86|26388279066658|61|755914248335|
2012-02-09T11:35:34.466+00:00|824633725081|186.64.7.5|Firefox|yes|3|26388279066658|61|755914248335|
2012-02-09T11:40:30.883+00:00|824633725086|186.64.7.5|Firefox|good|4|26388279066658|61|755914248347|
2012-02-09T15:17:10.036+00:00|824633725088|186.64.7.5|Firefox|fine|4|26388279066658|61|755914248347|
2012-08-18T04:16:31.748+00:00|1030792155297|192.190.31.253|Chrome|I see|5|13194139533352|49|755914248347|
2012-02-09T22:11:46.460+00:00|824633725091|186.64.7.5|Firefox|great|5|26388279066658|61|755914248347|
2012-07-18T04:25:42.099+00:00|1030792156175|31.170.121.115|Internet Explorer|right|5|28587302322180|48|1030792156174|
2012-07-12T23:24:04.350+00:00|1030792156177|186.64.7.5|Firefox|thx|3|26388279066658|61|1030792156174|
2012-08-26T00:35:32.229+00:00|1030792156178|31.209.179.5|Firefox|About Franz Kafka, t writers of the 20th century. The term KaAbout Henry James, se|82|28587302322204|101|1030792156174|
2012-07-12T23:23:57.235+00:00|1030792156180|186.64.7.5|Firefox|ok|2|26388279066658|61|1030792156174|
2012-08-26T17:02:59.384+00:00|1030792156182|31.170.121.115|Internet Explorer|About Franz Kafka,  Square next to Prague's CAbout Vladimir Putin, fice on |75|28587302322180|48||1030792156178
2012-08-26T09:51:10.939+00:00|1030792156186|31.209.179.5|Firefox|duh|3|28587302322204|101|412316865561|
2012-07-18T04:31:11.529+00:00|1030792156187|31.170.121.115|Internet Explorer|About Henry V of England, ourt, saw him come close toAbout Republic of Venice, a|80|28587302322180|48|412316865561|
2012-07-18T04:49:06.613+00:00|1030792156189|31.170.121.115|Internet Explorer|thx|3|28587302322180|48||1030792156187
2012-08-25T19:45:57.304+00:00|1030792156197|31.209.179.5|Firefox|right|5|28587302322204|101|824633725988|
2012-08-25T22:01:35.883+00:00|1030792156198|31.209.179.5|Firefox|good|4|28587302322204|101|824633725988|
2012-08-26T08:10:27.147+00:00|1030792156199|31.209.179.5|Firefox|thx|3|28587302322204|101|824633725988|
2012-07-18T04:48:30.182+00:00|1030792156201|31.170.121.115|Internet Explorer|thx|3|28587302322180|48|824633725988|
