creationDate|id|firstName|lastName|gender|birthday|locationIP|browserUsed|isLocatedIn|speaks|email
2011-07-26T21:41:34.142+00:00|19791209299968|John|Khan|male|1985-02-24|27.4.90.237|Internet Explorer|285|te;ur;en|John19791209299968@gmail.com;John19791209299968@gmail.com;John19791209299968@gmail.com;John19791209299968@gmail.com
2012-01-02T01:21:20.107+00:00|24189255811104|Miguel|Gonzalez|male|1981-09-17|148.204.226.31|Chrome|737|es;en|Miguel24189255811104@gmail.com;Miguel24189255811104@gmail.com;Miguel24189255811104@gmail.com;Miguel24189255811104@yahoo.com
2011-12-29T07:56:39.032+00:00|24189255811081|Alim|Guliyev|female|1984-10-07|91.191.192.127|Firefox|510|az;ru;en|Alim24189255811081@gmail.com;Alim24189255811081@gmail.com
2012-01-13T23:46:22.926+00:00|26388279066650|Rahul|Sharma|female|1985-11-12|49.50.77.195|Firefox|125|mr;kn;en|Rahul26388279066650@gmail.com
2010-01-19T13:51:10.863+00:00|27|Wojciech|Ciesla|male|1985-12-07|31.182.127.125|Internet Explorer|1282|pl;en|Wojciech27@gmail.com;Wojciech27@yahoo.com;Wojciech27@gmx.com;Wojciech27@gmail.com
2012-06-26T12:37:35.179+00:00|30786325577740|Jose|Alonso|female|1987-08-18|196.1.135.241|Internet Explorer|1073|es;en|Jose30786325577740@hotmail.com;Jose30786325577740@gmx.com
2012-03-13T15:16:08.597+00:00|28587302322196|Yahya Ould Ahmed El|Abdallahi|male|1989-01-28|41.188.97.221|Internet Explorer|531|ar;wo;en|Yahya.Ould.Ahmed.El28587302322196@gmail.com;Yahya.Ould.Ahmed.El28587302322196@gmail.com
2011-07-19T06:51:09.287+00:00|19791209299997|Lei|Zhang|male|1986-07-23|1.2.2.77|Firefox|452|zh;en|Lei19791209299997@gmail.com;Lei19791209299997@zoho.com;Lei19791209299997@gmx.com;Lei19791209299997@gmail.com;Lei19791209299997@gmail.com
2010-04-18T01:27:21.494+00:00|2199023255573|Arbaaz|Ali|female|1987-01-10|115.186.113.189|Safari|779|ur;en|Arbaaz2199023255573@gmx.com;Arbaaz2199023255573@gmail.com;Arbaaz2199023255573@gmail.com;Arbaaz2199023255573@gmx.com;Arbaaz2199023255573@gmail.com
2011-03-07T01:25:47.322+00:00|15393162788910|Alejandro|Garcia|male|1986-12-16|189.202.102.202|Firefox|750|es;en|Alejandro15393162788910@gmx.com;Alejandro15393162788910@yahoo.com;Alejandro15393162788910@gmail.com;Alejandro15393162788910@yahoo.com;Alejandro15393162788910@gmail.com
2011-02-28T08:13:29.086+00:00|13194139533343|Otto|Richter|male|1982-10-12|31.24.100.159|Firefox|605|de;en|Otto13194139533343@yahoo.com;Otto13194139533343@yahoo.com
2012-01-10T19:44:54.406+00:00|26388279066632|Djelaludin|Zaland|male|1983-05-23|180.222.139.188|Internet Explorer|958|tk;en|Djelaludin26388279066632@gmail.com;Djelaludin26388279066632@yahoo.com;Djelaludin26388279066632@hotmail.com;Djelaludin26388279066632@gmail.com;Djelaludin26388279066632@gmx.com
2011-04-14T02:38:49.734+00:00|15393162788912|Adje van den Berg|Vries|female|1986-07-07|31.24.165.15|Firefox|1249|nl;en|Adje.van.den.Berg15393162788912@gmail.com;Adje.van.den.Berg15393162788912@gmx.com;Adje.van.den.Berg15393162788912@gmx.com
2010-01-19T23:03:07.674+00:00|33|Ali|Ferrer|female|1981-05-30|41.223.177.12|Safari|969|ar;fr;en|Ali33@gmail.com;Ali33@yahoo.com;Ali33@yahoo.com;Ali33@gmail.com;Ali33@gmx.com
2012-09-05T01:03:26.184+00:00|32985348833291|Cheng|Wei|male|1981-04-07|27.121.123.176|Chrome|350|zh;en|Cheng32985348833291@gmx.com;Cheng32985348833291@gmail.com;Cheng32985348833291@gmail.com;Cheng32985348833291@gmail.com
2012-03-30T10:11:12.788+00:00|28587302322180|Bryn|Davies|male|1985-06-02|31.170.121.115|Internet Explorer|554|en;cy|Bryn28587302322180@yahoo.com;Bryn28587302322180@gmx.com;Bryn28587302322180@yahoo.com
2010-06-22T21:48:51.442+00:00|4398046511148|Alexei|Kahnovich|female|1985-06-11|31.192.109.124|Internet Explorer|841|ru;en|Alexei4398046511148@zoho.com;Alexei4398046511148@gmail.com;Alexei4398046511148@gmx.com
2010-03-24T18:14:04.882+00:00|2199023255557|Eric|Mettacara|male|1989-08-05|203.215.63.48|Firefox|1014|my;en|Eric2199023255557@gmail.com;Eric2199023255557@gmx.com;Eric2199023255557@yahoo.com;Eric2199023255557@gmx.com
2010-12-24T05:25:34.086+00:00|10995116277782|Ken|Yamada|male|1986-10-12|27.122.45.252|Internet Explorer|699|ja;en|Ken10995116277782@zoho.com;Ken10995116277782@gmail.com;Ken10995116277782@gmail.com;Ken10995116277782@hotmail.com;Ken10995116277782@gmail.com
2010-01-03T15:10:31.499+00:00|14|Hossein|Forouhar|male|1984-03-11|77.245.239.11|Firefox|1166|fa;ku;en|Hossein14@gmail.com
2011-10-06T01:23:31.981+00:00|21990232555526|Baby|Yang|male|1985-08-20|27.131.221.93|Internet Explorer|411|zh;en|Baby21990232555526@gmx.com;Baby21990232555526@yahoo.com;Baby21990232555526@gmail.com;Baby21990232555526@gmail.com;Baby21990232555526@yahoo.com
2010-10-28T05:49:29.470+00:00|8796093022238|Joakim|Larsson|female|1980-03-23|31.209.42.207|Internet Explorer|1369|sv;fi;en|Joakim8796093022238@yahoo.com;Joakim8796093022238@hotmail.com;Joakim8796093022238@gmail.com;Joakim8796093022238@yahoo.com
2011-10-17T04:08:45.182+00:00|21990232555527|Jun|Li|female|1987-09-06|1.29.220.142|Chrome|339|zh;en|Jun21990232555527@yahoo.com
2012-08-08T07:53:28.961+00:00|32985348833319|Alexei|Feltsman|female|1985-11-04|31.192.132.124|Firefox|858|ru;en|Alexei32985348833319@yahoo.com;Alexei32985348833319@hotmail.com;Alexei32985348833319@gmail.com
2010-11-21T16:16:26.476+00:00|10995116277783|John|Johnson|male|1989-05-08|24.38.139.231|Firefox|877|en|John10995116277783@gmail.com;John10995116277783@yahoo.com;John10995116277783@yahoo.com
2010-01-31T13:13:03.929+00:00|16|Jan|Zakrzewski|female|1986-07-05|31.41.169.140|Chrome|1284|pl;en|Jan16@gmx.com;Jan16@zoho.com;Jan16@gmail.com;Jan16@yahoo.com;Jan16@gmx.com
2012-02-20T19:43:50.441+00:00|26388279066664|Celso|Oliveira|male|1988-08-23|192.190.31.253|Chrome|588|pt;en|Celso26388279066664@gmx.com;Celso26388279066664@gmail.com;Celso26388279066664@gmx.com;Celso26388279066664@zoho.com;Celso26388279066664@gmail.com
2011-11-27T01:08:31.517+00:00|24189255811121|Ashok|Singh|male|1981-03-31|49.206.89.61|Safari|144|mr;ta;en|Ashok24189255811121@gmail.com;Ashok24189255811121@gmx.com;Ashok24189255811121@yahoo.com;Ashok24189255811121@hotmail.com
2012-01-12T23:55:02.878+00:00|26388279066641|Almira|Patras|female|1983-05-28|193.104.227.215|Internet Explorer|1226|ru;en|Almira26388279066641@gmail.com
2010-11-13T15:50:09.443+00:00|10995116277761|Evangelos|Alkaios|male|1987-01-05|91.223.132.248|Internet Explorer|1147|en;fr|Evangelos10995116277761@gmx.com;Evangelos10995116277761@gmail.com;Evangelos10995116277761@gmail.com;Evangelos10995116277761@gmail.com
2011-08-22T08:51:56.139+00:00|19791209300009|John|Kumar|male|1986-08-22|27.116.33.147|Safari|185|gu;mr;en|John19791209300009@gmail.com;John19791209300009@gmail.com
2011-08-21T06:11:15.212+00:00|19791209300010|Ali|Achiou|female|1981-03-11|196.29.42.107|Firefox|966|ar;fr;en|Ali19791209300010@gmail.com;Ali19791209300010@yahoo.com;Ali19791209300010@yahoo.com
2012-03-17T04:45:49.301+00:00|28587302322210|Roberto|Diaz|female|1980-07-08|186.64.7.5|Firefox|972|es;en|Roberto28587302322210@hotmail.com;Roberto28587302322210@yahoo.com;Roberto28587302322210@hotmail.com
2011-04-14T16:09:20.493+00:00|15393162788899|Ayesha|Ahmed|male|1988-11-12|202.4.167.190|Chrome|786|ur;en|Ayesha15393162788899@hotmail.com;Ayesha15393162788899@gmx.com;Ayesha15393162788899@gmail.com
2012-07-03T00:55:16.938+00:00|30786325577731|Aleksandr|Efimkin|male|1981-08-08|31.185.10.92|Internet Explorer|866|ru;en|Aleksandr30786325577731@gmail.com;Aleksandr30786325577731@zoho.com;Aleksandr30786325577731@gmx.com
2010-08-31T00:24:34.501+00:00|6597069766699|Rahul|Khan|female|1987-11-24|27.116.34.47|Chrome|148|ml;mr;en|Rahul6597069766699@gmail.com;Rahul6597069766699@gmail.com;Rahul6597069766699@yahoo.com
2011-08-04T04:47:58.173+00:00|19791209299987|Jimmy|Burak|female|1984-08-01|197.220.203.36|Firefox|1452|en;to|Jimmy19791209299987@giza.cc;Jimmy19791209299987@gmail.com;Jimmy19791209299987@gmail.com;Jimmy19791209299987@gmail.com
2011-03-12T15:40:42.861+00:00|15393162788877|Mehmet|Koksal|female|1987-12-04|46.154.44.101|Firefox|1410|tr;en|Mehmet15393162788877@gmail.com;Mehmet15393162788877@gmail.com;Mehmet15393162788877@gmail.com
2010-07-11T03:44:38.819+00:00|6597069766701|Ali|Abouba|male|1987-05-29|41.203.147.168|Internet Explorer|1264|fr;ha;en|Ali6597069766701@zoho.com;Ali6597069766701@gmail.com;Ali6597069766701@jizan.cc;Ali6597069766701@yahoo.com;Ali6597069766701@gmail.com
2010-01-09T18:37:17.970+00:00|47|Tissa|Perera|male|1983-05-09|103.1.176.97|Safari|1356|ta;si;en|Tissa47@yahoo.com;Tissa47@gmail.com;Tissa47@zoho.com
2012-03-19T21:30:34.350+00:00|28587302322191|Ge|Wei|female|1981-04-30|1.88.156.174|Internet Explorer|426|zh;en|Ge28587302322191@yahoo.com
