creationDate|id|locationIP|browserUsed|content|length|creator|place|replyOfPost|replyOfComment
2012-11-18T02:08:13.274Z|1168231107009|31.192.109.124|Internet Explorer|About Brian Eno, an, music theorist and record About Two Hearts Beat as One, as One is|87|26388279066668|56|962072676798|""
2012-11-18T03:48:08.623Z|1168231106995|196.1.135.241|Internet Explorer|yes|3|30786325577740|71|""|1168231106990
2012-11-18T05:17:49.149Z|1168231108245|41.74.150.41|Firefox|roflol|6|35184372088850|97|""|1099511631505
2012-11-18T15:27:17.324Z|1168231106996|1.29.220.142|Chrome|thx|3|21990232555527|1|""|1168231106990
2012-11-18T18:16:39.645Z|1168231106992|27.122.45.252|Internet Explorer|About Live on Two Legs, ive on Two About From Me to You, ten by JohnAbout Czechosl|82|10995116277782|52|""|1168231106990
2012-11-18T21:30:59.680Z|1168231106932|31.192.109.124|Internet Explorer|thx|3|26388279066668|56|962072676720|""
