creationDate|Post.id|Person.id
2012-12-05T11:07:29.445+00:00|1168231106765|32985348833329
2012-12-05T04:55:31.452+00:00|1168231108259|21990232555527
2012-12-05T04:55:32.452+00:00|1168231108260|21990232555527
2012-12-05T04:55:33.452+00:00|1168231108261|21990232555527
2012-12-05T04:55:34.452+00:00|1168231108262|21990232555527
2012-12-05T04:55:35.452+00:00|1168231108263|21990232555527
2012-12-05T04:55:36.452+00:00|1168231108264|21990232555527
2012-12-05T04:55:37.452+00:00|1168231108265|21990232555527
2012-12-05T04:55:38.452+00:00|1168231108266|21990232555527
