creationDate|id|locationIP|browserUsed|content|length|creator|place|replyOfPost|replyOfComment
2012-11-15T05:14:35.531Z|1168231105034|49.206.89.61|Safari|fine|4|32985348833329|0|962072674823|""
2012-11-15T07:18:04.336Z|1168231105058|91.213.105.176|Safari|cool|4|32985348833329|20|""|1030792151583
2012-11-15T08:40:45.161Z|1168231105041|49.206.89.61|Safari|About Louis Armstrong,  the end of his career About Al Green, een, is an American gosAbou|89|32985348833329|0|""|1030792151567
2012-11-15T12:49:03.974Z|1168231105061|49.206.89.61|Safari|no|2|32985348833329|0|""|1030792151582
2012-11-15T16:46:15.685Z|1168231107274|41.188.97.221|Internet Explorer|thanks|6|28587302322196|25|1099511630537|""
2012-11-15T17:00:01.444Z|1168231107278|41.188.97.221|Internet Explorer|no way!|7|28587302322196|25|1099511630537|""
