creationDate|id|title
2011-10-06T01:23:41.981Z|687194767360|Wall of Baby Yang
2012-05-29T09:47:11.247Z|962072674305|Album 0 of Baby Yang
2012-07-29T00:15:00.336Z|1030792151042|Album 1 of Baby Yang
2012-01-27T12:48:57.866Z|824633720836|Album 3 of Baby Yang
2012-04-12T08:18:07.462Z|893353197573|Album 4 of Baby Yang
2012-05-13T20:46:43.373Z|962072674310|Album 5 of Baby Yang
2012-04-06T19:07:03.077Z|893353197575|Album 6 of Baby Yang
2012-04-05T02:04:04.418Z|893353197577|Album 8 of Baby Yang
2012-09-08T16:48:12.089Z|1099511627786|Album 9 of Baby Yang
2012-06-27T19:31:27.129Z|962072674315|Album 10 of Baby Yang
2012-02-11T14:22:41.990Z|824633720845|Album 12 of Baby Yang
2012-04-09T21:42:03.730Z|893353197582|Album 13 of Baby Yang
2011-11-06T14:58:06.267Z|687194767375|Album 14 of Baby Yang
2010-04-18T01:27:31.494Z|68719476752|Wall of Arbaaz Ali
2012-08-06T10:01:43.641Z|1030792151057|Wall of Alfonso Rodriguez
2010-06-15T10:01:07.698Z|137438953490|Wall of Ayesha Ahmed
2010-01-31T13:13:13.929Z|19|Wall of Jan Zakrzewski
2011-05-23T06:01:06.143Z|549755813908|Album 0 of Jan Zakrzewski
2012-01-20T18:01:47.397Z|824633720853|Album 1 of Jan Zakrzewski
2011-12-11T15:06:48.776Z|755914244118|Album 2 of Jan Zakrzewski
2011-07-10T15:36:40.808Z|618475290647|Album 3 of Jan Zakrzewski
2012-08-29T16:42:37.593Z|1030792151064|Album 4 of Jan Zakrzewski
2011-03-13T14:22:54.931Z|481036337177|Album 5 of Jan Zakrzewski
2010-06-22T06:17:13.975Z|137438953498|Album 6 of Jan Zakrzewski
2010-11-14T23:07:47.147Z|343597383707|Album 7 of Jan Zakrzewski
2010-12-25T03:13:44.488Z|343597383708|Album 8 of Jan Zakrzewski
2010-05-15T21:53:00.622Z|137438953501|Album 9 of Jan Zakrzewski
2010-06-27T09:50:35.718Z|137438953502|Album 10 of Jan Zakrzewski
2011-03-31T01:26:54.402Z|481036337183|Album 11 of Jan Zakrzewski
2011-01-28T04:20:39.627Z|412316860448|Album 12 of Jan Zakrzewski
2011-10-29T08:51:51.173Z|687194767393|Album 13 of Jan Zakrzewski
2010-07-22T19:50:41.336Z|206158430242|Album 14 of Jan Zakrzewski
2011-08-26T04:06:23.751Z|618475290659|Album 15 of Jan Zakrzewski
2010-07-25T17:46:50.767Z|206158430244|Album 16 of Jan Zakrzewski
2010-07-23T04:55:59.665Z|206158430245|Album 17 of Jan Zakrzewski
2010-03-25T19:46:57.026Z|68719476774|Album 18 of Jan Zakrzewski
2012-01-04T10:15:52.478Z|755914244135|Album 19 of Jan Zakrzewski
2012-01-22T20:44:40.732Z|824633720872|Album 20 of Jan Zakrzewski
2012-03-17T02:47:20.324Z|893353197609|Album 21 of Jan Zakrzewski
2012-07-04T01:34:21.380Z|962072674346|Album 22 of Jan Zakrzewski
2011-01-11T21:15:43.167Z|412316860459|Album 23 of Jan Zakrzewski
2010-03-12T17:40:50.364Z|68719476780|Album 24 of Jan Zakrzewski
2012-03-08T22:17:17.324Z|893353197613|Album 25 of Jan Zakrzewski
2011-09-29T12:44:32.296Z|687194767406|Album 26 of Jan Zakrzewski
2011-09-10T05:08:41.579Z|687194767407|Album 27 of Jan Zakrzewski
2011-03-06T19:13:39.912Z|481036337200|Album 28 of Jan Zakrzewski
2010-12-19T04:54:06.285Z|343597383729|Album 29 of Jan Zakrzewski
2011-08-23T09:53:01.426Z|618475290674|Album 30 of Jan Zakrzewski
2010-05-15T15:03:11.734Z|137438953523|Album 31 of Jan Zakrzewski
2011-08-19T03:57:05.827Z|618475290676|Album 32 of Jan Zakrzewski
2011-11-11T09:19:56.870Z|755914244149|Album 33 of Jan Zakrzewski
2012-03-30T10:11:22.788Z|893353197623|Wall of Bryn Davies
2012-08-11T12:38:56.343Z|1030792151097|Album 1 of Bryn Davies
2012-06-25T08:41:54.372Z|962072674363|Album 3 of Bryn Davies
2012-05-11T04:01:21.340Z|962072674365|Album 5 of Bryn Davies
2012-04-22T06:09:18.866Z|893353197630|Album 6 of Bryn Davies
2012-05-18T05:01:59.303Z|962072674367|Album 7 of Bryn Davies
2011-02-28T08:13:39.086Z|412316860481|Wall of Joakim Larsson
2011-04-17T16:50:15.401Z|481036337218|Album 0 of Joakim Larsson
2011-05-07T09:02:11.318Z|549755813955|Album 1 of Joakim Larsson
2011-12-08T16:56:28.807Z|755914244165|Album 3 of Joakim Larsson
2012-04-18T00:51:28.839Z|893353197638|Album 4 of Joakim Larsson
2012-06-19T16:34:00.961Z|962072674376|Album 6 of Joakim Larsson
2011-04-22T22:07:57.671Z|481036337226|Album 8 of Joakim Larsson
2012-04-17T13:55:37.434Z|893353197644|Album 10 of Joakim Larsson
2012-07-08T20:43:33.328Z|962072674381|Album 11 of Joakim Larsson
2012-01-22T00:24:56.759Z|824633720911|Album 13 of Joakim Larsson
2011-12-19T13:09:57.266Z|755914244178|Album 16 of Joakim Larsson
2012-03-01T14:02:27.194Z|824633720915|Album 17 of Joakim Larsson
2011-07-15T12:11:10.397Z|618475290708|Album 18 of Joakim Larsson
2011-08-12T16:25:45.853Z|618475290709|Album 19 of Joakim Larsson
2012-04-03T04:02:12.306Z|893353197654|Album 20 of Joakim Larsson
2011-07-26T21:04:15.596Z|618475290711|Album 21 of Joakim Larsson
2011-06-24T17:12:04.199Z|549755813976|Wall of Wojciech Ciesla
2011-09-17T15:09:16.824Z|687194767449|Album 0 of Wojciech Ciesla
2011-12-31T10:38:32.495Z|755914244187|Album 2 of Wojciech Ciesla
2011-09-03T11:22:08.784Z|618475290716|Album 3 of Wojciech Ciesla
2012-01-28T23:55:21.976Z|824633720925|Album 4 of Wojciech Ciesla
2011-07-20T07:15:34.813Z|618475290718|Album 5 of Wojciech Ciesla
2011-08-27T22:07:24.577Z|618475290719|Album 6 of Wojciech Ciesla
2011-10-13T21:46:52.858Z|687194767456|Album 7 of Wojciech Ciesla
2012-09-02T19:18:12.652Z|1030792151137|Album 8 of Wojciech Ciesla
2012-02-15T00:19:22.149Z|824633720930|Album 9 of Wojciech Ciesla
2012-09-03T06:48:40.472Z|1030792151139|Album 10 of Wojciech Ciesla
2012-02-17T07:25:59.880Z|824633720932|Album 11 of Wojciech Ciesla
2011-09-11T14:19:13.843Z|687194767461|Album 12 of Wojciech Ciesla
2012-01-13T20:52:18.000Z|824633720934|Album 13 of Wojciech Ciesla
2012-03-10T19:04:01.752Z|893353197671|Album 14 of Wojciech Ciesla
2012-08-02T17:27:19.546Z|1030792151144|Album 15 of Wojciech Ciesla
2011-12-31T22:07:58.730Z|755914244201|Album 16 of Wojciech Ciesla
2012-08-14T04:53:59.110Z|1030792151146|Album 17 of Wojciech Ciesla
2010-11-21T16:16:36.476Z|343597383788|Wall of John Johnson
2011-12-10T05:00:10.544Z|755914244205|Album 0 of John Johnson
2010-12-25T09:19:27.086Z|343597383790|Album 1 of John Johnson
2011-03-03T09:42:44.966Z|412316860527|Album 2 of John Johnson
2012-07-19T01:21:29.267Z|1030792151152|Album 3 of John Johnson
2012-01-15T09:55:33.149Z|824633720945|Album 4 of John Johnson
2012-08-14T10:28:27.565Z|1030792151154|Album 5 of John Johnson
2011-02-03T18:12:16.328Z|412316860531|Album 6 of John Johnson
2011-08-27T22:52:20.215Z|618475290740|Album 7 of John Johnson
2012-03-14T06:10:05.928Z|893353197685|Album 8 of John Johnson
2012-03-01T00:28:26.189Z|824633720951|Album 10 of John Johnson
2011-12-20T21:04:03.718Z|755914244217|Album 12 of John Johnson
2012-03-28T15:57:19.529Z|893353197691|Album 14 of John Johnson
2012-06-28T14:45:53.075Z|962072674428|Album 15 of John Johnson
2012-07-25T22:06:53.314Z|1030792151165|Album 16 of John Johnson
2011-12-28T01:28:14.341Z|755914244222|Album 17 of John Johnson
2011-01-24T10:07:39.379Z|412316860544|Album 19 of John Johnson
2011-04-14T23:19:26.645Z|481036337281|Album 20 of John Johnson
2011-04-10T04:25:31.383Z|481036337282|Album 21 of John Johnson
2012-04-13T11:57:19.192Z|893353197699|Album 22 of John Johnson
2011-03-23T16:29:29.206Z|481036337284|Album 23 of John Johnson
2011-12-02T04:10:33.385Z|755914244229|Album 24 of John Johnson
2010-11-13T15:50:19.443Z|343597383814|Wall of Evangelos Alkaios
2010-10-28T05:49:39.470Z|274877907079|Wall of Lei Zhang
2010-03-24T18:14:14.882Z|68719476873|Wall of Eric Mettacara
2012-09-09T02:13:47.511Z|1099511627914|Wall of Alexei Feltsman
2011-11-07T16:24:36.837Z|755914244235|Wall of Wei Wei
2010-09-28T17:47:00.451Z|274877907084|Wall of John Reddy
2012-01-12T23:55:12.878Z|824633720973|Wall of Almira Patras
2011-12-29T07:56:49.032Z|755914244238|Wall of Alim Guliyev
2011-08-04T04:48:08.173Z|618475290767|Wall of Jimmy Burak
2012-07-08T15:44:18.124Z|962072674450|Album 2 of Jimmy Burak
2012-03-21T10:34:25.041Z|893353197715|Album 3 of Jimmy Burak
2012-01-17T19:33:11.294Z|824633720980|Album 4 of Jimmy Burak
2011-08-27T10:37:11.537Z|618475290773|Album 5 of Jimmy Burak
2011-09-28T03:40:32.906Z|687194767511|Album 7 of Jimmy Burak
2012-08-14T04:03:00.463Z|1030792151192|Album 8 of Jimmy Burak
2011-12-15T19:50:04.632Z|755914244250|Album 10 of Jimmy Burak
2012-06-08T12:39:31.801Z|962072674459|Album 11 of Jimmy Burak
2011-09-16T20:42:27.706Z|687194767518|Album 14 of Jimmy Burak
2012-02-11T13:01:56.068Z|824633720991|Album 15 of Jimmy Burak
2011-02-19T10:23:10.379Z|412316860578|Wall of Celso Oliveira
2011-08-03T18:12:16.258Z|618475290787|Album 0 of Celso Oliveira
2012-01-06T02:47:54.399Z|755914244260|Album 1 of Celso Oliveira
2011-09-29T05:27:09.096Z|687194767525|Album 2 of Celso Oliveira
2012-05-28T17:35:05.338Z|962072674470|Album 3 of Celso Oliveira
2012-07-24T03:12:27.390Z|1030792151207|Album 4 of Celso Oliveira
2011-09-03T22:32:26.143Z|618475290792|Album 5 of Celso Oliveira
2012-01-25T18:12:50.435Z|824633721001|Album 6 of Celso Oliveira
2012-03-18T21:19:17.101Z|893353197738|Album 7 of Celso Oliveira
2012-04-08T15:07:15.878Z|893353197739|Album 8 of Celso Oliveira
2011-11-11T13:32:31.005Z|755914244268|Album 9 of Celso Oliveira
2011-10-21T20:36:58.368Z|687194767533|Album 10 of Celso Oliveira
2012-01-29T04:55:43.724Z|824633721006|Album 11 of Celso Oliveira
2011-07-06T00:17:58.782Z|549755814063|Album 12 of Celso Oliveira
2011-12-11T10:44:06.902Z|755914244272|Album 13 of Celso Oliveira
2012-01-25T17:48:50.909Z|824633721009|Album 14 of Celso Oliveira
2012-04-28T19:29:32.053Z|893353197746|Album 15 of Celso Oliveira
2012-02-27T17:34:10.972Z|824633721011|Album 16 of Celso Oliveira
2011-08-19T04:23:59.765Z|618475290804|Album 17 of Celso Oliveira
2011-09-30T20:45:11.855Z|687194767541|Album 18 of Celso Oliveira
2011-05-23T21:37:07.999Z|549755814070|Album 19 of Celso Oliveira
2012-03-21T11:09:25.961Z|893353197751|Album 20 of Celso Oliveira
2012-03-20T03:09:42.828Z|893353197752|Album 21 of Celso Oliveira
2012-09-05T01:03:36.184Z|1030792151225|Wall of Cheng Wei
2012-02-03T03:26:41.722Z|824633721018|Wall of Otto Richter
2010-09-17T21:25:11.182Z|274877907131|Wall of Rahul Sharma
2011-08-18T05:34:30.335Z|618475290812|Album 0 of Rahul Sharma
2011-05-23T20:27:52.310Z|549755814078|Album 2 of Rahul Sharma
2011-06-18T16:05:56.932Z|549755814079|Album 3 of Rahul Sharma
2011-02-15T09:29:38.987Z|412316860608|Album 4 of Rahul Sharma
2011-04-28T11:23:30.082Z|481036337345|Album 5 of Rahul Sharma
2010-09-25T07:38:32.157Z|274877907138|Album 6 of Rahul Sharma
2011-01-03T19:45:39.956Z|343597383875|Album 7 of Rahul Sharma
2010-11-15T22:24:49.790Z|343597383878|Album 10 of Rahul Sharma
2011-08-07T16:46:03.517Z|618475290823|Album 11 of Rahul Sharma
2011-12-11T06:19:44.094Z|755914244296|Album 12 of Rahul Sharma
2011-09-17T02:05:00.625Z|687194767561|Album 13 of Rahul Sharma
2010-12-04T06:57:52.596Z|343597383882|Album 14 of Rahul Sharma
2011-03-19T09:18:03.211Z|481036337355|Album 15 of Rahul Sharma
2012-05-16T10:06:54.176Z|962072674509|Album 17 of Rahul Sharma
2010-10-22T04:16:20.804Z|274877907150|Album 18 of Rahul Sharma
2012-01-11T03:39:09.456Z|824633721039|Album 19 of Rahul Sharma
2011-08-06T03:25:04.701Z|618475290832|Album 20 of Rahul Sharma
2012-04-20T03:09:33.181Z|893353197777|Album 21 of Rahul Sharma
2012-01-20T02:15:39.131Z|824633721042|Album 22 of Rahul Sharma
2011-01-11T10:52:24.731Z|412316860627|Album 23 of Rahul Sharma
2012-07-22T06:30:11.538Z|1030792151252|Album 24 of Rahul Sharma
2010-11-15T17:15:14.922Z|343597383893|Album 25 of Rahul Sharma
2012-05-12T18:56:09.181Z|962072674518|Album 26 of Rahul Sharma
2012-04-25T02:31:16.437Z|893353197783|Wall of Ali Ferrer
2012-05-22T11:58:33.951Z|962072674521|Album 1 of Ali Ferrer
2012-08-19T08:54:04.141Z|1030792151258|Album 2 of Ali Ferrer
2012-04-27T10:08:10.930Z|893353197787|Album 3 of Ali Ferrer
2012-08-13T01:15:13.514Z|1030792151260|Album 4 of Ali Ferrer
2012-06-15T00:29:58.569Z|962072674525|Album 5 of Ali Ferrer
2011-01-09T19:16:47.913Z|412316860640|Wall of Rahul Khan
2010-11-25T20:18:55.744Z|343597383905|Wall of Adje van den Berg Vries
2012-02-02T06:38:45.973Z|824633721058|Group for Katarina_Srebotnik in Heerlen
2011-09-20T15:57:09.678Z|687194767587|Group for Albert_Einstein in Heerlen
2012-05-21T13:54:17.475Z|962072674532|Group for Katarina_Srebotnik in Heerlen
2010-11-28T18:12:35.422Z|343597383909|Album 0 of Adje van den Berg Vries
2012-05-28T09:51:41.438Z|962072674534|Album 1 of Adje van den Berg Vries
2012-04-24T09:24:41.498Z|893353197799|Album 2 of Adje van den Berg Vries
2012-04-26T12:25:01.717Z|893353197800|Album 3 of Adje van den Berg Vries
2012-08-30T22:42:42.464Z|1030792151273|Album 4 of Adje van den Berg Vries
2010-12-21T22:02:29.401Z|343597383915|Album 6 of Adje van den Berg Vries
2012-06-14T02:30:48.876Z|962072674540|Album 7 of Adje van den Berg Vries
2012-01-31T23:33:36.128Z|824633721069|Album 8 of Adje van den Berg Vries
2011-08-12T04:59:21.345Z|618475290862|Album 9 of Adje van den Berg Vries
2012-08-11T08:18:19.285Z|1030792151279|Album 10 of Adje van den Berg Vries
2011-05-03T13:48:12.641Z|481036337392|Album 11 of Adje van den Berg Vries
2012-04-24T15:37:49.764Z|893353197809|Album 12 of Adje van den Berg Vries
2011-10-03T13:29:25.146Z|687194767602|Album 13 of Adje van den Berg Vries
2011-07-24T02:02:19.666Z|618475290867|Album 14 of Adje van den Berg Vries
2012-06-17T01:15:39.584Z|962072674548|Album 15 of Adje van den Berg Vries
2012-02-24T21:45:47.610Z|824633721077|Album 16 of Adje van den Berg Vries
2012-06-21T17:36:42.654Z|962072674550|Album 17 of Adje van den Berg Vries
2011-06-26T20:49:54.622Z|549755814135|Album 18 of Adje van den Berg Vries
2011-10-15T07:27:04.908Z|687194767608|Album 19 of Adje van den Berg Vries
2012-02-29T12:25:21.315Z|824633721081|Album 20 of Adje van den Berg Vries
2011-11-05T02:20:55.008Z|687194767610|Album 21 of Adje van den Berg Vries
2012-09-06T14:44:54.276Z|1030792151291|Album 22 of Adje van den Berg Vries
2011-05-05T06:10:06.308Z|481036337404|Album 23 of Adje van den Berg Vries
2012-03-12T16:57:06.034Z|893353197821|Album 24 of Adje van den Berg Vries
2012-03-17T14:21:17.120Z|893353197822|Wall of Tissa Perera
2012-07-03T00:55:26.938Z|962072674559|Wall of Aleksandr Efimkin
2012-08-09T21:35:51.016Z|1030792151296|Wall of Ashok Singh
2012-09-08T19:56:52.520Z|1099511628036|Album 3 of Ashok Singh
2010-08-08T01:41:26.348Z|206158430471|Wall of Alejandro Garcia
2010-09-20T13:07:31.704Z|274877907208|Album 0 of Alejandro Garcia
2010-10-18T08:24:16.207Z|274877907209|Album 1 of Alejandro Garcia
2012-01-08T03:34:39.053Z|824633721098|Album 2 of Alejandro Garcia
2011-10-08T09:23:37.777Z|687194767627|Album 3 of Alejandro Garcia
2010-08-12T17:07:35.345Z|206158430476|Album 4 of Alejandro Garcia
2010-10-15T11:16:22.213Z|274877907213|Album 5 of Alejandro Garcia
2012-05-05T04:52:10.144Z|893353197838|Album 6 of Alejandro Garcia
2011-12-28T16:00:13.919Z|755914244367|Album 7 of Alejandro Garcia
2011-09-27T03:59:53.829Z|687194767633|Album 9 of Alejandro Garcia
2011-07-16T05:00:49.939Z|618475290898|Album 10 of Alejandro Garcia
2012-01-02T04:42:13.825Z|755914244371|Album 11 of Alejandro Garcia
2012-07-15T01:58:35.957Z|1030792151316|Album 12 of Alejandro Garcia
2011-02-23T08:11:16.434Z|412316860693|Album 13 of Alejandro Garcia
2012-04-18T19:06:44.281Z|893353197846|Album 14 of Alejandro Garcia
2012-04-03T16:15:03.090Z|893353197848|Album 16 of Alejandro Garcia
2012-04-22T00:59:36.382Z|893353197849|Album 17 of Alejandro Garcia
2011-03-15T19:57:06.714Z|481036337434|Album 18 of Alejandro Garcia
2012-01-26T01:55:21.344Z|824633721115|Album 19 of Alejandro Garcia
2011-02-28T06:33:47.553Z|412316860700|Album 20 of Alejandro Garcia
2012-04-19T06:11:39.091Z|893353197853|Album 21 of Alejandro Garcia
2012-03-07T17:13:38.837Z|824633721118|Album 22 of Alejandro Garcia
2011-08-16T01:57:40.568Z|618475290911|Album 23 of Alejandro Garcia
2012-03-07T09:30:58.926Z|824633721120|Album 24 of Alejandro Garcia
2011-12-15T23:59:10.176Z|755914244385|Album 25 of Alejandro Garcia
2012-01-29T04:45:27.523Z|824633721122|Album 26 of Alejandro Garcia
2010-11-14T12:17:34.631Z|343597383971|Album 27 of Alejandro Garcia
2011-04-04T17:01:58.398Z|481036337444|Album 28 of Alejandro Garcia
2010-03-21T12:25:52.685Z|68719477029|Wall of Ali Achiou
2011-02-19T17:20:51.057Z|412316860710|Album 0 of Ali Achiou
2011-01-22T16:04:04.610Z|412316860711|Album 1 of Ali Achiou
2011-12-08T05:00:52.182Z|755914244392|Album 2 of Ali Achiou
2012-08-04T09:40:17.200Z|1030792151337|Album 3 of Ali Achiou
2011-10-14T11:48:54.289Z|687194767658|Album 4 of Ali Achiou
2011-08-06T02:44:38.269Z|618475290924|Album 6 of Ali Achiou
2012-01-04T02:27:55.203Z|755914244397|Album 7 of Ali Achiou
2011-12-29T00:06:11.005Z|755914244398|Album 8 of Ali Achiou
2012-05-11T12:29:18.132Z|962072674607|Album 9 of Ali Achiou
2012-03-16T04:29:55.121Z|893353197872|Album 10 of Ali Achiou
2010-12-04T18:15:20.415Z|343597383985|Album 11 of Ali Achiou
2012-02-18T10:35:07.635Z|824633721138|Album 12 of Ali Achiou
2011-01-20T09:25:01.199Z|412316860723|Album 13 of Ali Achiou
2011-10-05T17:48:06.930Z|687194767668|Album 14 of Ali Achiou
2011-08-06T19:53:11.566Z|618475290933|Album 15 of Ali Achiou
2012-05-29T23:11:57.726Z|962072674614|Album 16 of Ali Achiou
2011-08-02T03:09:30.387Z|618475290935|Album 17 of Ali Achiou
2010-11-02T03:28:34.097Z|274877907257|Album 19 of Ali Achiou
2011-02-18T13:55:22.667Z|412316860730|Album 20 of Ali Achiou
2011-11-14T16:26:03.896Z|755914244412|Album 22 of Ali Achiou
2011-05-31T23:00:56.341Z|549755814205|Album 23 of Ali Achiou
2011-09-25T03:08:43.582Z|687194767678|Album 24 of Ali Achiou
2011-09-19T06:44:30.081Z|687194767679|Album 25 of Ali Achiou
2012-07-08T05:40:49.753Z|962072674626|Album 28 of Ali Achiou
2012-02-28T22:02:32.877Z|824633721155|Album 29 of Ali Achiou
2010-09-20T01:16:02.024Z|274877907268|Album 30 of Ali Achiou
2012-02-13T12:41:55.872Z|824633721157|Album 31 of Ali Achiou
2010-07-31T18:29:07.442Z|206158430534|Album 32 of Ali Achiou
2011-03-12T15:40:52.861Z|481036337479|Wall of Mehmet Koksal
2012-03-19T21:30:44.350Z|893353197896|Wall of Ge Wei
2012-01-10T19:45:04.406Z|824633721161|Wall of Djelaludin Zaland
2012-01-16T00:09:50.120Z|824633721162|Wall of Roberto Diaz
2011-05-11T19:46:57.595Z|549755814219|Wall of Ali Abouba
2011-10-17T04:08:55.182Z|687194767692|Wall of Jun Li
2011-12-15T04:35:18.157Z|755914244429|Album 0 of Jun Li
2012-02-05T17:26:30.511Z|824633721167|Album 2 of Jun Li
2012-07-14T05:26:08.111Z|1030792151376|Album 3 of Jun Li
2012-04-21T13:15:43.349Z|893353197905|Album 4 of Jun Li
2012-02-29T12:22:51.598Z|824633721170|Album 5 of Jun Li
2012-04-12T18:59:45.931Z|893353197908|Album 7 of Jun Li
2012-08-26T01:32:38.647Z|1030792151381|Album 8 of Jun Li
2012-04-14T21:49:10.257Z|893353197911|Album 10 of Jun Li
2012-01-04T15:08:35.516Z|755914244440|Album 11 of Jun Li
2012-01-02T19:14:51.585Z|755914244441|Album 12 of Jun Li
2011-12-09T08:30:26.364Z|755914244442|Album 13 of Jun Li
2010-09-27T09:37:40.742Z|274877907293|Wall of John Kumar
2011-06-08T23:19:23.767Z|549755814238|Album 0 of John Kumar
2010-10-17T21:44:13.133Z|274877907295|Album 1 of John Kumar
2011-05-19T00:33:30.495Z|549755814240|Album 2 of John Kumar
2011-10-23T02:47:24.154Z|687194767713|Album 3 of John Kumar
2011-05-01T23:22:40.928Z|481036337506|Album 4 of John Kumar
2011-03-07T19:36:37.107Z|481036337507|Album 5 of John Kumar
2010-12-02T09:35:28.002Z|343597384036|Album 6 of John Kumar
2011-03-05T20:26:22.042Z|412316860773|Album 7 of John Kumar
2011-03-27T06:39:15.276Z|481036337510|Album 8 of John Kumar
2010-12-17T06:48:06.735Z|343597384039|Album 9 of John Kumar
2011-06-07T08:45:59.280Z|549755814248|Album 10 of John Kumar
2011-03-15T05:41:48.576Z|481036337513|Album 11 of John Kumar
2011-10-15T10:21:54.286Z|687194767722|Album 12 of John Kumar
2011-09-01T20:17:28.709Z|618475290987|Album 13 of John Kumar
2011-05-21T21:13:15.449Z|549755814252|Album 14 of John Kumar
2011-02-17T06:55:04.422Z|412316860781|Album 15 of John Kumar
2011-04-01T01:17:11.637Z|481036337518|Album 16 of John Kumar
2011-05-21T00:12:43.860Z|549755814255|Album 17 of John Kumar
2011-08-31T13:50:17.108Z|618475290992|Album 18 of John Kumar
2011-09-10T05:59:44.667Z|687194767729|Album 19 of John Kumar
2011-12-13T04:43:40.041Z|755914244466|Album 20 of John Kumar
2011-07-14T04:43:53.902Z|618475290995|Album 21 of John Kumar
2011-09-26T12:48:21.635Z|687194767732|Album 22 of John Kumar
2011-03-01T06:45:11.559Z|412316860789|Album 23 of John Kumar
2011-05-17T04:32:09.298Z|549755814262|Album 24 of John Kumar
2011-12-07T22:20:55.722Z|755914244471|Album 25 of John Kumar
2011-03-10T10:16:06.378Z|481036337528|Album 26 of John Kumar
2010-02-12T22:05:34.513Z|377|Wall of Miguel Gonzalez
2012-06-18T11:16:23.809Z|962072674682|Album 0 of Miguel Gonzalez
2010-12-09T00:25:08.578Z|343597384059|Album 1 of Miguel Gonzalez
2010-12-08T11:41:21.404Z|343597384060|Album 2 of Miguel Gonzalez
2011-06-05T23:47:33.879Z|549755814269|Album 3 of Miguel Gonzalez
2011-02-20T12:24:03.307Z|412316860798|Album 4 of Miguel Gonzalez
2012-05-13T17:31:45.264Z|962072674687|Album 5 of Miguel Gonzalez
2011-03-10T02:08:03.883Z|481036337536|Album 6 of Miguel Gonzalez
2012-08-18T05:40:07.479Z|1030792151425|Album 7 of Miguel Gonzalez
2012-05-17T07:08:53.769Z|962072674690|Album 8 of Miguel Gonzalez
2011-09-05T15:26:12.247Z|618475291011|Album 9 of Miguel Gonzalez
2012-08-17T02:28:26.199Z|1030792151428|Album 10 of Miguel Gonzalez
2010-04-25T15:12:18.389Z|68719477125|Album 11 of Miguel Gonzalez
2010-11-20T08:44:18.520Z|343597384070|Album 12 of Miguel Gonzalez
2012-08-16T02:20:28.986Z|1030792151431|Album 13 of Miguel Gonzalez
2011-10-01T06:02:53.337Z|687194767752|Album 14 of Miguel Gonzalez
2011-08-22T02:45:39.516Z|618475291017|Album 15 of Miguel Gonzalez
2011-01-17T18:38:40.362Z|412316860810|Album 16 of Miguel Gonzalez
2011-02-21T11:10:17.954Z|412316860811|Album 17 of Miguel Gonzalez
2010-09-30T00:32:44.038Z|274877907340|Album 18 of Miguel Gonzalez
2012-01-01T14:23:57.925Z|755914244493|Album 19 of Miguel Gonzalez
2012-06-01T13:07:12.060Z|962072674702|Album 20 of Miguel Gonzalez
2011-04-17T21:42:15.008Z|481036337551|Album 21 of Miguel Gonzalez
2012-04-20T19:39:36.479Z|893353197969|Album 23 of Miguel Gonzalez
2012-08-04T11:15:55.514Z|1030792151442|Album 24 of Miguel Gonzalez
2012-07-29T16:31:34.245Z|1030792151443|Album 25 of Miguel Gonzalez
2010-04-06T23:22:29.475Z|68719477140|Album 26 of Miguel Gonzalez
2010-02-19T17:31:00.582Z|405|Album 27 of Miguel Gonzalez
2012-07-11T15:07:51.534Z|1030792151446|Album 28 of Miguel Gonzalez
2010-04-16T05:47:30.801Z|68719477143|Album 29 of Miguel Gonzalez
2010-04-02T14:37:15.812Z|68719477144|Album 30 of Miguel Gonzalez
2011-07-23T05:40:16.858Z|618475291034|Album 32 of Miguel Gonzalez
2011-06-01T22:51:20.484Z|549755814300|Album 34 of Miguel Gonzalez
2011-07-26T21:41:44.142Z|618475291037|Wall of John Khan
2011-12-02T01:14:13.285Z|755914244510|Group for Fernando_González in Guntur
2012-02-07T06:13:02.451Z|824633721247|Group for Fernando_González in Guntur
2011-10-11T18:32:19.303Z|687194767778|Album 0 of John Khan
2012-03-16T12:54:37.473Z|893353197989|Album 3 of John Khan
2011-09-26T01:29:15.617Z|687194767783|Album 5 of John Khan
2012-02-24T15:46:23.390Z|824633721256|Album 6 of John Khan
2011-08-21T12:01:46.302Z|618475291049|Album 7 of John Khan
2011-10-19T02:36:20.183Z|687194767786|Album 8 of John Khan
2011-12-25T14:45:23.230Z|755914244524|Album 10 of John Khan
2011-12-22T05:19:53.336Z|755914244525|Album 11 of John Khan
2011-10-27T00:59:13.678Z|687194767790|Album 12 of John Khan
2011-11-18T02:52:42.776Z|755914244527|Album 13 of John Khan
2012-04-26T09:39:40.025Z|893353198002|Album 16 of John Khan
2012-03-13T15:16:18.597Z|893353198003|Wall of Yahya Ould Ahmed El Abdallahi
2012-04-18T04:25:16.910Z|893353198004|Album 0 of Yahya Ould Ahmed El Abdallahi
2012-07-14T22:08:31.769Z|1030792151477|Album 1 of Yahya Ould Ahmed El Abdallahi
2012-03-14T21:44:25.476Z|893353198006|Album 2 of Yahya Ould Ahmed El Abdallahi
2012-08-05T18:32:35.920Z|1030792151482|Album 6 of Yahya Ould Ahmed El Abdallahi
2012-05-19T17:58:54.367Z|962072674748|Album 8 of Yahya Ould Ahmed El Abdallahi
2012-04-08T11:48:04.301Z|893353198013|Wall of Hans Johansson
2012-05-15T20:50:04.481Z|962072674750|Album 0 of Hans Johansson
2012-05-12T19:45:13.127Z|962072674751|Album 1 of Hans Johansson
2012-05-03T22:32:21.858Z|893353198016|Album 2 of Hans Johansson
2012-07-01T16:58:47.377Z|962072674753|Album 3 of Hans Johansson
2012-07-27T09:28:05.087Z|1030792151490|Album 4 of Hans Johansson
2012-05-16T21:19:36.685Z|962072674755|Album 5 of Hans Johansson
2012-07-22T23:34:30.718Z|1030792151492|Album 6 of Hans Johansson
2012-05-19T11:26:33.554Z|962072674757|Album 7 of Hans Johansson
2010-01-03T15:10:41.499Z|454|Wall of Hossein Forouhar
2010-12-24T05:25:44.086Z|343597384135|Wall of Ken Yamada
2011-07-06T09:56:23.641Z|549755814344|Album 0 of Ken Yamada
2012-04-10T06:09:27.707Z|893353198026|Album 2 of Ken Yamada
2012-01-25T04:27:03.976Z|824633721292|Album 4 of Ken Yamada
2012-05-21T11:09:34.103Z|962072674766|Album 6 of Ken Yamada
2012-03-06T20:47:18.915Z|824633721295|Album 7 of Ken Yamada
2011-08-16T22:24:23.434Z|618475291088|Album 8 of Ken Yamada
2012-05-02T09:04:30.186Z|893353198033|Album 9 of Ken Yamada
2012-02-12T23:42:42.101Z|824633721298|Album 10 of Ken Yamada
2011-06-27T01:33:00.767Z|549755814355|Album 11 of Ken Yamada
2012-05-03T02:29:42.175Z|893353198036|Album 12 of Ken Yamada
2011-01-05T05:22:49.341Z|412316860885|Album 13 of Ken Yamada
2012-01-19T12:25:06.073Z|824633721302|Album 14 of Ken Yamada
2011-08-05T17:21:33.515Z|618475291097|Album 17 of Ken Yamada
2012-04-16T14:48:22.680Z|893353198042|Album 18 of Ken Yamada
2012-04-19T21:27:39.269Z|893353198043|Album 19 of Ken Yamada
2011-04-27T00:08:32.439Z|481036337628|Album 20 of Ken Yamada
2011-03-01T14:15:28.997Z|412316860893|Album 21 of Ken Yamada
2012-02-15T04:50:24.988Z|824633721310|Album 22 of Ken Yamada
2012-03-23T09:38:40.539Z|893353198047|Album 23 of Ken Yamada
2012-02-26T23:42:03.145Z|824633721312|Wall of Alexei Kahnovich
2012-06-26T12:37:45.179Z|962072674785|Wall of Jose Alonso
