creationDate|id|locationIP|browserUsed|content|length|creator|place|replyOfPost|replyOfComment
2012-12-08T03:37:10.936Z|1168231106912|46.21.0.249|Internet Explorer|maybe|5|37383395344394|50|""|962072676697
2012-12-08T07:32:10.302Z|1168231106715|203.215.63.48|Firefox|About Johnny Carson,  Honor in 1993. Although hiAbout Somewhere Only We Know,|78|2199023255557|65|1168231106714|""
2012-12-08T10:50:49.916Z|1168231107159|31.182.127.125|Internet Explorer|About Hermann Göring, war crimes and crimes against humanityAbout Katarina|75|17592186044443|92|1168231107158|""
2012-12-08T12:12:59.326Z|1168231106763|180.222.139.188|Internet Explorer|About Winston Churchill, ty, a move widely seen as creating deflationAbout A Rush of Bl|87|26388279066632|59|""|1168231106762
2012-12-08T12:51:41.090Z|1168231107164|27.122.45.252|Internet Explorer|no|2|10995116277782|52|1168231107158|""
2012-12-08T14:57:49.057Z|1168231106717|49.206.89.61|Safari|About Jimi Hendrix, s Mayfield and Steve Cropper, About Johnny Carson, Awards, the Governor Award, anAbout Chile, s|116|32985348833329|0|""|1168231106715
2012-12-08T21:34:57.455Z|1168231106720|203.215.63.48|Firefox|yes|3|2199023255557|65|""|1168231106719
