creationDate|id|locationIP|browserUsed|content|length|creator|place|replyOfPost|replyOfComment
2012-10-23T04:48:47.890Z|1099511630099|31.192.132.124|Firefox|About Katarina Srebotnik, y 16, 2012), including one doubles GranAbout Singl|76|35184372088871|56|1099511630087|""
2012-10-23T06:23:32.523Z|1099511630199|31.185.10.92|Internet Explorer|no way!|7|30786325577731|56|""|1099511630195
2012-10-23T08:40:16.894Z|1099511630160|31.185.10.92|Internet Explorer|I see|5|30786325577731|56|""|893353199950
2012-10-23T15:59:18.883Z|1099511630266|31.185.10.92|Internet Explorer|no|2|30786325577731|56|962072676791|""
2012-10-23T20:36:34.183Z|1099511630467|103.1.176.97|Safari|About Oscar Peterson, considered to have About Ulysses S. Grant, rights laws and figAbout|90|28587302322223|100|""|1099511630464
2012-10-23T20:42:07.278Z|1099511630075|31.185.10.92|Internet Explorer|About No Guts. No Glory., and the follow-up to their 2007 debut Runnin' Wild. The album was rel|95|30786325577731|56|1099511630074|""
2012-10-23T20:56:30.690Z|1099511630445|103.1.176.97|Safari|great|5|28587302322223|100|""|1099511630441
2012-10-23T21:22:46.205Z|1099511630460|103.1.176.97|Safari|thx|3|28587302322223|100|1099511630457|""
