1302797360493|1577664000000|false|15393162788899|Ayesha15393162788899@hotmail.com
1302797360493|1577664000000|false|15393162788899|Ayesha15393162788899@gmx.com
1302797360493|1577664000000|false|15393162788899|Ayesha15393162788899@gmail.com
1341276916938|1577664000000|false|30786325577731|Aleksandr30786325577731@gmail.com
1341276916938|1577664000000|false|30786325577731|Aleksandr30786325577731@zoho.com
1341276916938|1577664000000|false|30786325577731|Aleksandr30786325577731@gmx.com
1283214274501|1577664000000|false|6597069766699|Rahul6597069766699@gmail.com
1283214274501|1577664000000|false|6597069766699|Rahul6597069766699@gmail.com
1283214274501|1577664000000|false|6597069766699|Rahul6597069766699@yahoo.com
1312433278173|1577664000000|false|19791209299987|Jimmy19791209299987@giza.cc
1312433278173|1577664000000|false|19791209299987|Jimmy19791209299987@gmail.com
1312433278173|1577664000000|false|19791209299987|Jimmy19791209299987@gmail.com
1312433278173|1577664000000|false|19791209299987|Jimmy19791209299987@gmail.com
