1317864221981|1577664000000|false|687194767360|6
1317864221981|1577664000000|false|687194767360|587
1317864221981|1577664000000|false|687194767360|588
1317864221981|1577664000000|false|687194767360|782
1317864221981|1577664000000|false|687194767360|1153
1317864221981|1577664000000|false|687194767360|1173
1317864221981|1577664000000|false|687194767360|1179
1317864221981|1577664000000|false|687194767360|1180
1317864221981|1577664000000|false|687194767360|1187
1317864221981|1577664000000|false|687194767360|1193
1317864221981|1577664000000|false|687194767360|1206
1317864221981|1577664000000|false|687194767360|1454
1317864221981|1577664000000|false|687194767360|1545
1317864221981|1577664000000|false|687194767360|1760
1317864221981|1577664000000|false|687194767360|1762
1317864221981|1577664000000|false|687194767360|1863
1317864221981|1577664000000|false|687194767360|1940
1317864221981|1577664000000|false|687194767360|2031
1317864221981|1577664000000|false|687194767360|2048
1317864221981|1577664000000|false|687194767360|2067
1317864221981|1577664000000|false|687194767360|5132
1317864221981|1577664000000|false|687194767360|6413
1317864221981|1577664000000|false|687194767360|6945
1317864221981|1577664000000|false|687194767360|9063
1317864221981|1577664000000|false|687194767360|9479
1317864221981|1577664000000|false|687194767360|11250
1317864221981|1577664000000|false|687194767360|11379
1271554051494|1577664000000|false|68719476752|3
1271554051494|1577664000000|false|68719476752|1189
1271554051494|1577664000000|false|68719476752|1676
1271554051494|1577664000000|false|68719476752|2785
1271554051494|1577664000000|false|68719476752|2806
1271554051494|1577664000000|false|68719476752|2931
1271554051494|1577664000000|false|68719476752|3072
1271554051494|1577664000000|false|68719476752|3114
1271554051494|1577664000000|false|68719476752|5736
1271554051494|1577664000000|false|68719476752|5753
1271554051494|1577664000000|false|68719476752|8143
1344247303641|1577664000000|false|1030792151057|138
1344247303641|1577664000000|false|1030792151057|140
1344247303641|1577664000000|false|1030792151057|196
1344247303641|1577664000000|false|1030792151057|284
1344247303641|1577664000000|false|1030792151057|523
1344247303641|1577664000000|false|1030792151057|545
1344247303641|1577664000000|false|1030792151057|581
1344247303641|1577664000000|false|1030792151057|590
1344247303641|1577664000000|false|1030792151057|777
1344247303641|1577664000000|false|1030792151057|785
1344247303641|1577664000000|false|1030792151057|790
1344247303641|1577664000000|false|1030792151057|1155
1344247303641|1577664000000|false|1030792151057|1178
1344247303641|1577664000000|false|1030792151057|1180
1344247303641|1577664000000|false|1030792151057|1188
1344247303641|1577664000000|false|1030792151057|1194
1344247303641|1577664000000|false|1030792151057|1200
1344247303641|1577664000000|false|1030792151057|1771
1344247303641|1577664000000|false|1030792151057|1908
1344247303641|1577664000000|false|1030792151057|1984
1344247303641|1577664000000|false|1030792151057|1991
1344247303641|1577664000000|false|1030792151057|2057
1344247303641|1577664000000|false|1030792151057|2089
1344247303641|1577664000000|false|1030792151057|2820
1344247303641|1577664000000|false|1030792151057|2828
1344247303641|1577664000000|false|1030792151057|2838
1344247303641|1577664000000|false|1030792151057|2991
1344247303641|1577664000000|false|1030792151057|3047
1344247303641|1577664000000|false|1030792151057|3053
1344247303641|1577664000000|false|1030792151057|3056
1344247303641|1577664000000|false|1030792151057|3060
1344247303641|1577664000000|false|1030792151057|3061
1344247303641|1577664000000|false|1030792151057|3083
1344247303641|1577664000000|false|1030792151057|5964
1344247303641|1577664000000|false|1030792151057|6409
1344247303641|1577664000000|false|1030792151057|6430
1344247303641|1577664000000|false|1030792151057|7694
1344247303641|1577664000000|false|1030792151057|9310
1344247303641|1577664000000|false|1030792151057|10368
1344247303641|1577664000000|false|1030792151057|15558
1276596067698|1293897433496|false|137438953490|60
1264943593929|1577664000000|false|19|4843
1333102282788|1577664000000|false|893353197623|139
1333102282788|1577664000000|false|893353197623|294
1333102282788|1577664000000|false|893353197623|458
1333102282788|1577664000000|false|893353197623|572
1333102282788|1577664000000|false|893353197623|590
1333102282788|1577664000000|false|893353197623|788
1333102282788|1577664000000|false|893353197623|974
1333102282788|1577664000000|false|893353197623|1184
1333102282788|1577664000000|false|893353197623|1401
1333102282788|1577664000000|false|893353197623|1680
1333102282788|1577664000000|false|893353197623|1984
1333102282788|1577664000000|false|893353197623|1985
1333102282788|1577664000000|false|893353197623|1991
1333102282788|1577664000000|false|893353197623|1992
1333102282788|1577664000000|false|893353197623|1994
1333102282788|1577664000000|false|893353197623|2006
1333102282788|1577664000000|false|893353197623|2017
1333102282788|1577664000000|false|893353197623|2023
1333102282788|1577664000000|false|893353197623|2052
1333102282788|1577664000000|false|893353197623|2056
1333102282788|1577664000000|false|893353197623|2058
1333102282788|1577664000000|false|893353197623|2078
1333102282788|1577664000000|false|893353197623|2777
1333102282788|1577664000000|false|893353197623|2783
1333102282788|1577664000000|false|893353197623|2788
1333102282788|1577664000000|false|893353197623|2796
1333102282788|1577664000000|false|893353197623|2797
1333102282788|1577664000000|false|893353197623|2812
1333102282788|1577664000000|false|893353197623|2827
1333102282788|1577664000000|false|893353197623|2836
1333102282788|1577664000000|false|893353197623|2845
1333102282788|1577664000000|false|893353197623|2859
1333102282788|1577664000000|false|893353197623|2872
1333102282788|1577664000000|false|893353197623|2880
1333102282788|1577664000000|false|893353197623|2929
1333102282788|1577664000000|false|893353197623|2943
1333102282788|1577664000000|false|893353197623|2976
1333102282788|1577664000000|false|893353197623|3011
1333102282788|1577664000000|false|893353197623|3022
1333102282788|1577664000000|false|893353197623|3064
1333102282788|1577664000000|false|893353197623|3087
1333102282788|1577664000000|false|893353197623|5163
1333102282788|1577664000000|false|893353197623|5170
1333102282788|1577664000000|false|893353197623|5193
1333102282788|1577664000000|false|893353197623|5699
1333102282788|1577664000000|false|893353197623|6405
1333102282788|1577664000000|false|893353197623|6993
1333102282788|1577664000000|false|893353197623|6999
1333102282788|1577664000000|false|893353197623|7001
1333102282788|1577664000000|false|893353197623|7010
1333102282788|1577664000000|false|893353197623|7522
1333102282788|1577664000000|false|893353197623|7526
1333102282788|1577664000000|false|893353197623|7564
1333102282788|1577664000000|false|893353197623|7570
1333102282788|1577664000000|false|893353197623|9479
1333102282788|1577664000000|false|893353197623|9496
1333102282788|1577664000000|false|893353197623|9760
1333102282788|1577664000000|false|893353197623|9939
1333102282788|1577664000000|false|893353197623|10080
1333102282788|1577664000000|false|893353197623|10322
1333102282788|1577664000000|false|893353197623|10991
1333102282788|1577664000000|false|893353197623|11408
1333102282788|1577664000000|false|893353197623|11557
1333102282788|1577664000000|false|893353197623|11609
1333102282788|1577664000000|false|893353197623|12273
1298880819086|1577664000000|false|412316860481|284
1298880819086|1577664000000|false|412316860481|785
1298880819086|1577664000000|false|412316860481|1375
1298880819086|1577664000000|false|412316860481|1991
1298880819086|1577664000000|false|412316860481|2007
1298880819086|1577664000000|false|412316860481|2782
1298880819086|1577664000000|false|412316860481|2806
1298880819086|1577664000000|false|412316860481|2809
1298880819086|1577664000000|false|412316860481|2814
1298880819086|1577664000000|false|412316860481|2825
1298880819086|1577664000000|false|412316860481|2848
1298880819086|1577664000000|false|412316860481|2869
1298880819086|1577664000000|false|412316860481|2884
1298880819086|1577664000000|false|412316860481|2899
1298880819086|1577664000000|false|412316860481|2951
1298880819086|1577664000000|false|412316860481|2979
1298880819086|1577664000000|false|412316860481|2987
1298880819086|1577664000000|false|412316860481|2989
1298880819086|1577664000000|false|412316860481|3018
1298880819086|1577664000000|false|412316860481|3036
1298880819086|1577664000000|false|412316860481|3069
1298880819086|1577664000000|false|412316860481|3089
1298880819086|1577664000000|false|412316860481|3103
1298880819086|1577664000000|false|412316860481|3108
1298880819086|1577664000000|false|412316860481|5178
1298880819086|1577664000000|false|412316860481|5417
1298880819086|1577664000000|false|412316860481|5456
1298880819086|1577664000000|false|412316860481|5598
1298880819086|1577664000000|false|412316860481|5673
1298880819086|1577664000000|false|412316860481|5766
1298880819086|1577664000000|false|412316860481|5794
1298880819086|1577664000000|false|412316860481|5886
1298880819086|1577664000000|false|412316860481|5947
1298880819086|1577664000000|false|412316860481|6050
1298880819086|1577664000000|false|412316860481|6361
1298880819086|1577664000000|false|412316860481|6363
1298880819086|1577664000000|false|412316860481|6440
1298880819086|1577664000000|false|412316860481|6740
1298880819086|1577664000000|false|412316860481|6817
1298880819086|1577664000000|false|412316860481|6931
1298880819086|1577664000000|false|412316860481|6952
1298880819086|1577664000000|false|412316860481|6962
1298880819086|1577664000000|false|412316860481|7486
1298880819086|1577664000000|false|412316860481|7512
1298880819086|1577664000000|false|412316860481|7522
1298880819086|1577664000000|false|412316860481|7572
1298880819086|1577664000000|false|412316860481|8135
1298880819086|1577664000000|false|412316860481|8138
1298880819086|1577664000000|false|412316860481|8298
1298880819086|1577664000000|false|412316860481|8342
1298880819086|1577664000000|false|412316860481|9203
1298880819086|1577664000000|false|412316860481|9433
1298880819086|1577664000000|false|412316860481|10241
1298880819086|1577664000000|false|412316860481|11235
1298880819086|1577664000000|false|412316860481|11236
1298880819086|1577664000000|false|412316860481|11919
1298880819086|1577664000000|false|412316860481|12444
1298880819086|1577664000000|false|412316860481|12646
1298880819086|1577664000000|false|412316860481|12976
1298880819086|1577664000000|false|412316860481|13163
1298880819086|1577664000000|false|412316860481|13775
1298880819086|1577664000000|false|412316860481|14353
1298880819086|1577664000000|false|412316860481|15036
1308935524199|1577664000000|false|549755813976|291
1308935524199|1577664000000|false|549755813976|470
1308935524199|1577664000000|false|549755813976|973
1308935524199|1577664000000|false|549755813976|974
1308935524199|1577664000000|false|549755813976|1023
1308935524199|1577664000000|false|549755813976|1175
1308935524199|1577664000000|false|549755813976|1398
1308935524199|1577664000000|false|549755813976|1532
1308935524199|1577664000000|false|549755813976|1749
1308935524199|1577664000000|false|549755813976|1763
1308935524199|1577664000000|false|549755813976|1985
1308935524199|1577664000000|false|549755813976|1986
1308935524199|1577664000000|false|549755813976|1992
1308935524199|1577664000000|false|549755813976|2114
1308935524199|1577664000000|false|549755813976|2777
1308935524199|1577664000000|false|549755813976|2785
1308935524199|1577664000000|false|549755813976|2789
1308935524199|1577664000000|false|549755813976|2791
1308935524199|1577664000000|false|549755813976|2793
1308935524199|1577664000000|false|549755813976|2864
1308935524199|1577664000000|false|549755813976|2895
1308935524199|1577664000000|false|549755813976|2942
1308935524199|1577664000000|false|549755813976|2959
1308935524199|1577664000000|false|549755813976|2979
1308935524199|1577664000000|false|549755813976|2984
1308935524199|1577664000000|false|549755813976|2991
1308935524199|1577664000000|false|549755813976|2998
1308935524199|1577664000000|false|549755813976|3005
1308935524199|1577664000000|false|549755813976|3013
1308935524199|1577664000000|false|549755813976|3025
1308935524199|1577664000000|false|549755813976|3027
1308935524199|1577664000000|false|549755813976|3046
1308935524199|1577664000000|false|549755813976|5114
1308935524199|1577664000000|false|549755813976|5192
1308935524199|1577664000000|false|549755813976|6340
1308935524199|1577664000000|false|549755813976|6383
1308935524199|1577664000000|false|549755813976|6740
1308935524199|1577664000000|false|549755813976|6980
1308935524199|1577664000000|false|549755813976|6987
1308935524199|1577664000000|false|549755813976|7522
1308935524199|1577664000000|false|549755813976|9638
1308935524199|1577664000000|false|549755813976|10449
1308935524199|1577664000000|false|549755813976|10513
1308935524199|1577664000000|false|549755813976|11824
1351999885404|1577664000000|false|1099511627883|1410
1290356196476|1577664000000|false|343597383788|9
1290356196476|1577664000000|false|343597383788|139
1290356196476|1577664000000|false|343597383788|146
1290356196476|1577664000000|false|343597383788|416
1290356196476|1577664000000|false|343597383788|472
1290356196476|1577664000000|false|343597383788|576
1290356196476|1577664000000|false|343597383788|578
1290356196476|1577664000000|false|343597383788|585
1290356196476|1577664000000|false|343597383788|774
1290356196476|1577664000000|false|343597383788|778
1290356196476|1577664000000|false|343597383788|779
1290356196476|1577664000000|false|343597383788|975
1290356196476|1577664000000|false|343597383788|978
1290356196476|1577664000000|false|343597383788|1170
1290356196476|1577664000000|false|343597383788|1172
1290356196476|1577664000000|false|343597383788|1181
1290356196476|1577664000000|false|343597383788|1440
1290356196476|1577664000000|false|343597383788|1673
1290356196476|1577664000000|false|343597383788|1989
1290356196476|1577664000000|false|343597383788|2003
1290356196476|1577664000000|false|343597383788|2005
1290356196476|1577664000000|false|343597383788|2010
1290356196476|1577664000000|false|343597383788|2029
1290356196476|1577664000000|false|343597383788|2041
1290356196476|1577664000000|false|343597383788|2043
1290356196476|1577664000000|false|343597383788|2056
1290356196476|1577664000000|false|343597383788|2058
1290356196476|1577664000000|false|343597383788|2080
1290356196476|1577664000000|false|343597383788|2088
1290356196476|1577664000000|false|343597383788|2106
1290356196476|1577664000000|false|343597383788|2107
1290356196476|1577664000000|false|343597383788|2781
1290356196476|1577664000000|false|343597383788|2786
1290356196476|1577664000000|false|343597383788|2792
1290356196476|1577664000000|false|343597383788|2794
1290356196476|1577664000000|false|343597383788|2798
1290356196476|1577664000000|false|343597383788|2801
1290356196476|1577664000000|false|343597383788|2809
1290356196476|1577664000000|false|343597383788|2810
1290356196476|1577664000000|false|343597383788|2823
1290356196476|1577664000000|false|343597383788|2844
1290356196476|1577664000000|false|343597383788|2849
1290356196476|1577664000000|false|343597383788|2854
1290356196476|1577664000000|false|343597383788|2864
1290356196476|1577664000000|false|343597383788|2871
1290356196476|1577664000000|false|343597383788|2889
1290356196476|1577664000000|false|343597383788|2905
1290356196476|1577664000000|false|343597383788|2907
1290356196476|1577664000000|false|343597383788|2930
1290356196476|1577664000000|false|343597383788|2938
1290356196476|1577664000000|false|343597383788|2986
1290356196476|1577664000000|false|343597383788|2997
1290356196476|1577664000000|false|343597383788|3009
1290356196476|1577664000000|false|343597383788|3023
1290356196476|1577664000000|false|343597383788|3024
1290356196476|1577664000000|false|343597383788|3028
1290356196476|1577664000000|false|343597383788|3047
1290356196476|1577664000000|false|343597383788|3053
1290356196476|1577664000000|false|343597383788|5078
1290356196476|1577664000000|false|343597383788|5449
1290356196476|1577664000000|false|343597383788|6405
1290356196476|1577664000000|false|343597383788|6449
1290356196476|1577664000000|false|343597383788|6623
1290356196476|1577664000000|false|343597383788|6989
1290356196476|1577664000000|false|343597383788|7031
1290356196476|1577664000000|false|343597383788|7212
1290356196476|1577664000000|false|343597383788|7396
1290356196476|1577664000000|false|343597383788|7509
1290356196476|1577664000000|false|343597383788|7514
1290356196476|1577664000000|false|343597383788|7597
1290356196476|1577664000000|false|343597383788|9058
1290356196476|1577664000000|false|343597383788|9141
1290356196476|1577664000000|false|343597383788|9209
1290356196476|1577664000000|false|343597383788|9244
1290356196476|1577664000000|false|343597383788|12296
1290356196476|1577664000000|false|343597383788|13796
1290356196476|1577664000000|false|343597383788|13816
1289663419443|1577664000000|false|343597383814|461
1289663419443|1577664000000|false|343597383814|592
1289663419443|1577664000000|false|343597383814|1024
1289663419443|1577664000000|false|343597383814|1195
1289663419443|1577664000000|false|343597383814|1548
1289663419443|1577664000000|false|343597383814|1985
1289663419443|1577664000000|false|343597383814|1988
1289663419443|1577664000000|false|343597383814|2034
1289663419443|1577664000000|false|343597383814|2067
1289663419443|1577664000000|false|343597383814|2782
1289663419443|1577664000000|false|343597383814|5117
1289663419443|1577664000000|false|343597383814|5124
1289663419443|1577664000000|false|343597383814|5147
1289663419443|1577664000000|false|343597383814|7603
1289663419443|1577664000000|false|343597383814|13138
1288244979470|1577664000000|false|274877907079|6
1288244979470|1577664000000|false|274877907079|206
1288244979470|1577664000000|false|274877907079|583
1288244979470|1577664000000|false|274877907079|1173
1288244979470|1577664000000|false|274877907079|1180
1288244979470|1577664000000|false|274877907079|1185
1288244979470|1577664000000|false|274877907079|1206
1288244979470|1577664000000|false|274877907079|1910
1288244979470|1577664000000|false|274877907079|1984
1288244979470|1577664000000|false|274877907079|1987
1288244979470|1577664000000|false|274877907079|1989
1288244979470|1577664000000|false|274877907079|2023
1288244979470|1577664000000|false|274877907079|9058
1288244979470|1577664000000|false|274877907079|9102
1288244979470|1577664000000|false|274877907079|9188
1288244979470|1577664000000|false|274877907079|11247
1288244979470|1577664000000|false|274877907079|11377
1353779531966|1355269512518|false|1168231104648|246
1353779531966|1355269512518|false|1168231104648|1985
1353779531966|1355269512518|false|1168231104648|2990
1353779531966|1355269512518|false|1168231104648|6438
1269454454882|1577664000000|false|68719476873|65
1269454454882|1577664000000|false|68719476873|2123
1269454454882|1577664000000|false|68719476873|3111
1269454454882|1577664000000|false|68719476873|7407
1269454454882|1577664000000|false|68719476873|8736
1347156827511|1577664000000|false|1099511627914|206
1347156827511|1577664000000|false|1099511627914|299
1347156827511|1577664000000|false|1099511627914|449
1347156827511|1577664000000|false|1099511627914|469
1347156827511|1577664000000|false|1099511627914|545
1347156827511|1577664000000|false|1099511627914|565
1347156827511|1577664000000|false|1099511627914|573
1347156827511|1577664000000|false|1099511627914|579
1347156827511|1577664000000|false|1099511627914|596
1347156827511|1577664000000|false|1099511627914|974
1347156827511|1577664000000|false|1099511627914|1021
1347156827511|1577664000000|false|1099511627914|1022
1347156827511|1577664000000|false|1099511627914|1164
1347156827511|1577664000000|false|1099511627914|1170
1347156827511|1577664000000|false|1099511627914|1171
1347156827511|1577664000000|false|1099511627914|1176
1347156827511|1577664000000|false|1099511627914|1178
1347156827511|1577664000000|false|1099511627914|1186
1347156827511|1577664000000|false|1099511627914|1191
1347156827511|1577664000000|false|1099511627914|1195
1347156827511|1577664000000|false|1099511627914|1201
1347156827511|1577664000000|false|1099511627914|1205
1347156827511|1577664000000|false|1099511627914|1421
1347156827511|1577664000000|false|1099511627914|1614
1347156827511|1577664000000|false|1099511627914|1674
1347156827511|1577664000000|false|1099511627914|1759
1347156827511|1577664000000|false|1099511627914|1764
1347156827511|1577664000000|false|1099511627914|1930
1347156827511|1577664000000|false|1099511627914|1953
1347156827511|1577664000000|false|1099511627914|1984
1347156827511|1577664000000|false|1099511627914|1985
1347156827511|1577664000000|false|1099511627914|2003
1347156827511|1577664000000|false|1099511627914|2018
1347156827511|1577664000000|false|1099511627914|2049
1347156827511|1577664000000|false|1099511627914|2083
1347156827511|1577664000000|false|1099511627914|2095
1347156827511|1577664000000|false|1099511627914|2118
1347156827511|1577664000000|false|1099511627914|2787
1347156827511|1577664000000|false|1099511627914|2797
1347156827511|1577664000000|false|1099511627914|2823
1347156827511|1577664000000|false|1099511627914|2848
1347156827511|1577664000000|false|1099511627914|2895
1347156827511|1577664000000|false|1099511627914|2928
1347156827511|1577664000000|false|1099511627914|2959
1347156827511|1577664000000|false|1099511627914|2966
1347156827511|1577664000000|false|1099511627914|2973
1347156827511|1577664000000|false|1099511627914|3024
1347156827511|1577664000000|false|1099511627914|3026
1347156827511|1577664000000|false|1099511627914|3048
1347156827511|1577664000000|false|1099511627914|3070
1347156827511|1577664000000|false|1099511627914|3111
1347156827511|1577664000000|false|1099511627914|4849
1347156827511|1577664000000|false|1099511627914|5078
1347156827511|1577664000000|false|1099511627914|5117
1347156827511|1577664000000|false|1099511627914|5159
1347156827511|1577664000000|false|1099511627914|5191
1347156827511|1577664000000|false|1099511627914|5192
1347156827511|1577664000000|false|1099511627914|5258
1347156827511|1577664000000|false|1099511627914|6395
1347156827511|1577664000000|false|1099511627914|6418
1347156827511|1577664000000|false|1099511627914|6945
1347156827511|1577664000000|false|1099511627914|7580
1347156827511|1577664000000|false|1099511627914|7683
1347156827511|1577664000000|false|1099511627914|9036
1347156827511|1577664000000|false|1099511627914|9084
1347156827511|1577664000000|false|1099511627914|9170
1347156827511|1577664000000|false|1099511627914|9177
1347156827511|1577664000000|false|1099511627914|9477
1347156827511|1577664000000|false|1099511627914|11254
1347156827511|1577664000000|false|1099511627914|11375
1347156827511|1577664000000|false|1099511627914|11408
1347156827511|1577664000000|false|1099511627914|11531
1347156827511|1577664000000|false|1099511627914|11743
1347156827511|1577664000000|false|1099511627914|14036
1320683076837|1577664000000|false|755914244235|6
1320683076837|1577664000000|false|755914244235|449
1320683076837|1577664000000|false|755914244235|543
1320683076837|1577664000000|false|755914244235|588
1320683076837|1577664000000|false|755914244235|590
1320683076837|1577664000000|false|755914244235|594
1320683076837|1577664000000|false|755914244235|808
1320683076837|1577664000000|false|755914244235|978
1320683076837|1577664000000|false|755914244235|1164
1320683076837|1577664000000|false|755914244235|1177
1320683076837|1577664000000|false|755914244235|1180
1320683076837|1577664000000|false|755914244235|1184
1320683076837|1577664000000|false|755914244235|1191
1320683076837|1577664000000|false|755914244235|1205
1320683076837|1577664000000|false|755914244235|1454
1320683076837|1577664000000|false|755914244235|1617
1320683076837|1577664000000|false|755914244235|1674
1320683076837|1577664000000|false|755914244235|1940
1320683076837|1577664000000|false|755914244235|2054
1320683076837|1577664000000|false|755914244235|2781
1320683076837|1577664000000|false|755914244235|2837
1320683076837|1577664000000|false|755914244235|2872
1320683076837|1577664000000|false|755914244235|6368
1320683076837|1577664000000|false|755914244235|6945
1320683076837|1577664000000|false|755914244235|6964
1320683076837|1577664000000|false|755914244235|7380
1320683076837|1577664000000|false|755914244235|7509
1320683076837|1577664000000|false|755914244235|9058
1320683076837|1577664000000|false|755914244235|9177
1320683076837|1577664000000|false|755914244235|9474
1320683076837|1577664000000|false|755914244235|9479
1320683076837|1577664000000|false|755914244235|11379
1320683076837|1577664000000|false|755914244235|11408
1320683076837|1577664000000|false|755914244235|11531
1320683076837|1577664000000|false|755914244235|11622
1320683076837|1577664000000|false|755914244235|11625
1320683076837|1577664000000|false|755914244235|11628
1320683076837|1577664000000|false|755914244235|11742
1285696020451|1577664000000|false|274877907084|0
1285696020451|1577664000000|false|274877907084|8
1285696020451|1577664000000|false|274877907084|61
1285696020451|1577664000000|false|274877907084|139
1285696020451|1577664000000|false|274877907084|544
1285696020451|1577664000000|false|274877907084|566
1285696020451|1577664000000|false|274877907084|582
1285696020451|1577664000000|false|274877907084|593
1285696020451|1577664000000|false|274877907084|782
1285696020451|1577664000000|false|274877907084|978
1285696020451|1577664000000|false|274877907084|1174
1285696020451|1577664000000|false|274877907084|1186
1285696020451|1577664000000|false|274877907084|1198
1285696020451|1577664000000|false|274877907084|1505
1285696020451|1577664000000|false|274877907084|1547
1285696020451|1577664000000|false|274877907084|1615
1285696020451|1577664000000|false|274877907084|1672
1285696020451|1577664000000|false|274877907084|1760
1285696020451|1577664000000|false|274877907084|1910
1285696020451|1577664000000|false|274877907084|1988
1285696020451|1577664000000|false|274877907084|1994
1285696020451|1577664000000|false|274877907084|2001
1285696020451|1577664000000|false|274877907084|2004
1285696020451|1577664000000|false|274877907084|2006
1285696020451|1577664000000|false|274877907084|2020
1285696020451|1577664000000|false|274877907084|2097
1285696020451|1577664000000|false|274877907084|2115
1285696020451|1577664000000|false|274877907084|2786
1285696020451|1577664000000|false|274877907084|2793
1285696020451|1577664000000|false|274877907084|2799
1285696020451|1577664000000|false|274877907084|2812
1285696020451|1577664000000|false|274877907084|2837
1285696020451|1577664000000|false|274877907084|2843
1285696020451|1577664000000|false|274877907084|2851
1285696020451|1577664000000|false|274877907084|2890
1285696020451|1577664000000|false|274877907084|2926
1285696020451|1577664000000|false|274877907084|2974
1285696020451|1577664000000|false|274877907084|2983
1285696020451|1577664000000|false|274877907084|3000
1285696020451|1577664000000|false|274877907084|3001
1285696020451|1577664000000|false|274877907084|3029
1285696020451|1577664000000|false|274877907084|3046
1285696020451|1577664000000|false|274877907084|3050
1285696020451|1577664000000|false|274877907084|3061
1285696020451|1577664000000|false|274877907084|3077
1285696020451|1577664000000|false|274877907084|3079
1285696020451|1577664000000|false|274877907084|4847
1285696020451|1577664000000|false|274877907084|5115
1285696020451|1577664000000|false|274877907084|5142
1285696020451|1577664000000|false|274877907084|5192
1285696020451|1577664000000|false|274877907084|6365
1285696020451|1577664000000|false|274877907084|6368
1285696020451|1577664000000|false|274877907084|6369
1285696020451|1577664000000|false|274877907084|6933
1285696020451|1577664000000|false|274877907084|6954
1285696020451|1577664000000|false|274877907084|7032
1285696020451|1577664000000|false|274877907084|7109
1285696020451|1577664000000|false|274877907084|7335
1285696020451|1577664000000|false|274877907084|7545
1285696020451|1577664000000|false|274877907084|7570
1285696020451|1577664000000|false|274877907084|7572
1285696020451|1577664000000|false|274877907084|7601
1285696020451|1577664000000|false|274877907084|8130
1285696020451|1577664000000|false|274877907084|8154
1285696020451|1577664000000|false|274877907084|8503
1285696020451|1577664000000|false|274877907084|8816
1285696020451|1577664000000|false|274877907084|8862
1285696020451|1577664000000|false|274877907084|9024
1285696020451|1577664000000|false|274877907084|9195
1285696020451|1577664000000|false|274877907084|9293
1285696020451|1577664000000|false|274877907084|9333
1285696020451|1577664000000|false|274877907084|9479
1285696020451|1577664000000|false|274877907084|11376
1285696020451|1577664000000|false|274877907084|11408
1285696020451|1577664000000|false|274877907084|11474
1285696020451|1577664000000|false|274877907084|13375
1285696020451|1577664000000|false|274877907084|13735
1285696020451|1577664000000|false|274877907084|13818
1285696020451|1577664000000|false|274877907084|14639
1326412512878|1577664000000|false|824633720973|1916
1325145409032|1577664000000|false|755914244238|132
1325145409032|1577664000000|false|755914244238|140
1325145409032|1577664000000|false|755914244238|295
1325145409032|1577664000000|false|755914244238|573
1325145409032|1577664000000|false|755914244238|595
1325145409032|1577664000000|false|755914244238|596
1325145409032|1577664000000|false|755914244238|781
1325145409032|1577664000000|false|755914244238|798
1325145409032|1577664000000|false|755914244238|806
1325145409032|1577664000000|false|755914244238|1181
1325145409032|1577664000000|false|755914244238|1532
1325145409032|1577664000000|false|755914244238|1765
1325145409032|1577664000000|false|755914244238|1996
1325145409032|1577664000000|false|755914244238|2050
1325145409032|1577664000000|false|755914244238|2072
1325145409032|1577664000000|false|755914244238|2088
1325145409032|1577664000000|false|755914244238|2779
1325145409032|1577664000000|false|755914244238|2783
1325145409032|1577664000000|false|755914244238|2827
1325145409032|1577664000000|false|755914244238|2831
1325145409032|1577664000000|false|755914244238|2932
1325145409032|1577664000000|false|755914244238|2934
1325145409032|1577664000000|false|755914244238|2945
1325145409032|1577664000000|false|755914244238|2949
1325145409032|1577664000000|false|755914244238|2968
1325145409032|1577664000000|false|755914244238|3001
1325145409032|1577664000000|false|755914244238|3029
1325145409032|1577664000000|false|755914244238|3092
1325145409032|1577664000000|false|755914244238|4899
1325145409032|1577664000000|false|755914244238|4990
1325145409032|1577664000000|false|755914244238|5129
1325145409032|1577664000000|false|755914244238|6360
1325145409032|1577664000000|false|755914244238|6940
1325145409032|1577664000000|false|755914244238|7012
1325145409032|1577664000000|false|755914244238|7283
1325145409032|1577664000000|false|755914244238|7350
1325145409032|1577664000000|false|755914244238|9098
1325145409032|1577664000000|false|755914244238|10298
1325145409032|1577664000000|false|755914244238|10987
1325145409032|1577664000000|false|755914244238|11356
1325145409032|1577664000000|false|755914244238|11633
1325145409032|1577664000000|false|755914244238|11855
1312433288173|1577664000000|false|618475290767|6
1312433288173|1577664000000|false|618475290767|294
1312433288173|1577664000000|false|618475290767|580
1312433288173|1577664000000|false|618475290767|591
1312433288173|1577664000000|false|618475290767|1504
1312433288173|1577664000000|false|618475290767|1546
1312433288173|1577664000000|false|618475290767|1617
1312433288173|1577664000000|false|618475290767|1679
1312433288173|1577664000000|false|618475290767|1764
1312433288173|1577664000000|false|618475290767|1954
1312433288173|1577664000000|false|618475290767|1997
1312433288173|1577664000000|false|618475290767|2008
1312433288173|1577664000000|false|618475290767|2014
1312433288173|1577664000000|false|618475290767|2033
1312433288173|1577664000000|false|618475290767|2778
1312433288173|1577664000000|false|618475290767|2795
1312433288173|1577664000000|false|618475290767|2798
1312433288173|1577664000000|false|618475290767|2814
1312433288173|1577664000000|false|618475290767|2831
1312433288173|1577664000000|false|618475290767|2836
1312433288173|1577664000000|false|618475290767|2845
1312433288173|1577664000000|false|618475290767|2880
1312433288173|1577664000000|false|618475290767|2885
1312433288173|1577664000000|false|618475290767|2886
1312433288173|1577664000000|false|618475290767|2894
1312433288173|1577664000000|false|618475290767|2900
1312433288173|1577664000000|false|618475290767|2928
1312433288173|1577664000000|false|618475290767|2957
1312433288173|1577664000000|false|618475290767|3054
1312433288173|1577664000000|false|618475290767|4870
1312433288173|1577664000000|false|618475290767|5119
1312433288173|1577664000000|false|618475290767|5133
1312433288173|1577664000000|false|618475290767|5158
1312433288173|1577664000000|false|618475290767|5163
1312433288173|1577664000000|false|618475290767|5191
1312433288173|1577664000000|false|618475290767|6367
1312433288173|1577664000000|false|618475290767|6961
1312433288173|1577664000000|false|618475290767|6980
1312433288173|1577664000000|false|618475290767|6999
1312433288173|1577664000000|false|618475290767|7582
1312433288173|1577664000000|false|618475290767|7603
1312433288173|1577664000000|false|618475290767|8424
1312433288173|1577664000000|false|618475290767|9319
1312433288173|1577664000000|false|618475290767|9486
1312433288173|1577664000000|false|618475290767|10426
1312433288173|1577664000000|false|618475290767|14610
1349128921812|1577664000000|false|1099511627937|1733
1298110990379|1577664000000|false|412316860578|139
1298110990379|1577664000000|false|412316860578|140
1298110990379|1577664000000|false|412316860578|141
1298110990379|1577664000000|false|412316860578|196
1298110990379|1577664000000|false|412316860578|292
1298110990379|1577664000000|false|412316860578|295
1298110990379|1577664000000|false|412316860578|571
1298110990379|1577664000000|false|412316860578|575
1298110990379|1577664000000|false|412316860578|778
1298110990379|1577664000000|false|412316860578|781
1298110990379|1577664000000|false|412316860578|783
1298110990379|1577664000000|false|412316860578|799
1298110990379|1577664000000|false|412316860578|1025
1298110990379|1577664000000|false|412316860578|1170
1298110990379|1577664000000|false|412316860578|1179
1298110990379|1577664000000|false|412316860578|1451
1298110990379|1577664000000|false|412316860578|1545
1298110990379|1577664000000|false|412316860578|1687
1298110990379|1577664000000|false|412316860578|1984
1298110990379|1577664000000|false|412316860578|2002
1298110990379|1577664000000|false|412316860578|2017
1298110990379|1577664000000|false|412316860578|2023
1298110990379|1577664000000|false|412316860578|2040
1298110990379|1577664000000|false|412316860578|2049
1298110990379|1577664000000|false|412316860578|2072
1298110990379|1577664000000|false|412316860578|2077
1298110990379|1577664000000|false|412316860578|2090
1298110990379|1577664000000|false|412316860578|2094
1298110990379|1577664000000|false|412316860578|2107
1298110990379|1577664000000|false|412316860578|2778
1298110990379|1577664000000|false|412316860578|2782
1298110990379|1577664000000|false|412316860578|2783
1298110990379|1577664000000|false|412316860578|2785
1298110990379|1577664000000|false|412316860578|2794
1298110990379|1577664000000|false|412316860578|2797
1298110990379|1577664000000|false|412316860578|2810
1298110990379|1577664000000|false|412316860578|2813
1298110990379|1577664000000|false|412316860578|2817
1298110990379|1577664000000|false|412316860578|2823
1298110990379|1577664000000|false|412316860578|2836
1298110990379|1577664000000|false|412316860578|2851
1298110990379|1577664000000|false|412316860578|2870
1298110990379|1577664000000|false|412316860578|2871
1298110990379|1577664000000|false|412316860578|2885
1298110990379|1577664000000|false|412316860578|2904
1298110990379|1577664000000|false|412316860578|2927
1298110990379|1577664000000|false|412316860578|2959
1298110990379|1577664000000|false|412316860578|2991
1298110990379|1577664000000|false|412316860578|3000
1298110990379|1577664000000|false|412316860578|3024
1298110990379|1577664000000|false|412316860578|3040
1298110990379|1577664000000|false|412316860578|3053
1298110990379|1577664000000|false|412316860578|3055
1298110990379|1577664000000|false|412316860578|3066
1298110990379|1577664000000|false|412316860578|3080
1298110990379|1577664000000|false|412316860578|5132
1298110990379|1577664000000|false|412316860578|5190
1298110990379|1577664000000|false|412316860578|5753
1298110990379|1577664000000|false|412316860578|6394
1298110990379|1577664000000|false|412316860578|6672
1298110990379|1577664000000|false|412316860578|6740
1298110990379|1577664000000|false|412316860578|6891
1298110990379|1577664000000|false|412316860578|7252
1298110990379|1577664000000|false|412316860578|7522
1298110990379|1577664000000|false|412316860578|7583
1298110990379|1577664000000|false|412316860578|8047
1298110990379|1577664000000|false|412316860578|9063
1298110990379|1577664000000|false|412316860578|9310
1298110990379|1577664000000|false|412316860578|9709
1298110990379|1577664000000|false|412316860578|13818
1346807016184|1577664000000|false|1030792151225|1524
1346807016184|1577664000000|false|1030792151225|2054
1328239601722|1577664000000|false|824633721018|1410
1284758711182|1577664000000|false|274877907131|1566
1335321076437|1577664000000|false|893353197783|282
1335321076437|1577664000000|false|893353197783|458
1335321076437|1577664000000|false|893353197783|775
1335321076437|1577664000000|false|893353197783|778
1335321076437|1577664000000|false|893353197783|779
1335321076437|1577664000000|false|893353197783|781
1335321076437|1577664000000|false|893353197783|796
1335321076437|1577664000000|false|893353197783|1164
1335321076437|1577664000000|false|893353197783|1446
1335321076437|1577664000000|false|893353197783|1506
1335321076437|1577664000000|false|893353197783|1984
1335321076437|1577664000000|false|893353197783|1988
1335321076437|1577664000000|false|893353197783|2004
1335321076437|1577664000000|false|893353197783|2007
1335321076437|1577664000000|false|893353197783|2011
1335321076437|1577664000000|false|893353197783|2017
1335321076437|1577664000000|false|893353197783|2044
1335321076437|1577664000000|false|893353197783|2051
1335321076437|1577664000000|false|893353197783|2056
1335321076437|1577664000000|false|893353197783|2058
1335321076437|1577664000000|false|893353197783|2065
1335321076437|1577664000000|false|893353197783|2100
1335321076437|1577664000000|false|893353197783|2119
1335321076437|1577664000000|false|893353197783|2778
1335321076437|1577664000000|false|893353197783|2804
1335321076437|1577664000000|false|893353197783|2806
1335321076437|1577664000000|false|893353197783|2819
1335321076437|1577664000000|false|893353197783|2832
1335321076437|1577664000000|false|893353197783|2833
1335321076437|1577664000000|false|893353197783|2846
1335321076437|1577664000000|false|893353197783|2852
1335321076437|1577664000000|false|893353197783|2916
1335321076437|1577664000000|false|893353197783|2945
1335321076437|1577664000000|false|893353197783|2961
1335321076437|1577664000000|false|893353197783|2979
1335321076437|1577664000000|false|893353197783|2990
1335321076437|1577664000000|false|893353197783|3044
1335321076437|1577664000000|false|893353197783|3056
1335321076437|1577664000000|false|893353197783|3059
1335321076437|1577664000000|false|893353197783|3077
1335321076437|1577664000000|false|893353197783|3089
1335321076437|1577664000000|false|893353197783|4955
1335321076437|1577664000000|false|893353197783|5067
1335321076437|1577664000000|false|893353197783|5182
1335321076437|1577664000000|false|893353197783|5196
1335321076437|1577664000000|false|893353197783|6004
1335321076437|1577664000000|false|893353197783|6383
1335321076437|1577664000000|false|893353197783|6413
1335321076437|1577664000000|false|893353197783|6740
1335321076437|1577664000000|false|893353197783|6981
1335321076437|1577664000000|false|893353197783|6985
1335321076437|1577664000000|false|893353197783|7032
1335321076437|1577664000000|false|893353197783|7089
1335321076437|1577664000000|false|893353197783|7218
1335321076437|1577664000000|false|893353197783|7516
1335321076437|1577664000000|false|893353197783|7523
1335321076437|1577664000000|false|893353197783|9063
1335321076437|1577664000000|false|893353197783|9317
1335321076437|1577664000000|false|893353197783|10037
1335321076437|1577664000000|false|893353197783|14791
1294600607913|1577664000000|false|412316860640|0
1294600607913|1577664000000|false|412316860640|146
1294600607913|1577664000000|false|412316860640|285
1294600607913|1577664000000|false|412316860640|290
1294600607913|1577664000000|false|412316860640|296
1294600607913|1577664000000|false|412316860640|1617
1294600607913|1577664000000|false|412316860640|1644
1294600607913|1577664000000|false|412316860640|1672
1294600607913|1577664000000|false|412316860640|1990
1294600607913|1577664000000|false|412316860640|2017
1294600607913|1577664000000|false|412316860640|2782
1294600607913|1577664000000|false|412316860640|2786
1294600607913|1577664000000|false|412316860640|2788
1294600607913|1577664000000|false|412316860640|2790
1294600607913|1577664000000|false|412316860640|2893
1294600607913|1577664000000|false|412316860640|2962
1294600607913|1577664000000|false|412316860640|2997
1294600607913|1577664000000|false|412316860640|3013
1294600607913|1577664000000|false|412316860640|3049
1294600607913|1577664000000|false|412316860640|3076
1294600607913|1577664000000|false|412316860640|5196
1294600607913|1577664000000|false|412316860640|7025
1294600607913|1577664000000|false|412316860640|9095
1294600607913|1577664000000|false|412316860640|9261
1290716335744|1577664000000|false|343597383905|590
1290716335744|1577664000000|false|343597383905|777
1290716335744|1577664000000|false|343597383905|1747
1290716335744|1577664000000|false|343597383905|2903
1290716335744|1577664000000|false|343597383905|6383
1290716335744|1577664000000|false|343597383905|9510
1331994077120|1577664000000|false|893353197822|775
1331994077120|1577664000000|false|893353197822|1938
1341276926938|1577664000000|false|962072674559|196
1341276926938|1577664000000|false|962072674559|1031
1344548151016|1577664000000|false|1030792151296|3
1344548151016|1577664000000|false|1030792151296|139
1344548151016|1577664000000|false|1030792151296|470
1344548151016|1577664000000|false|1030792151296|580
1344548151016|1577664000000|false|1030792151296|1985
1344548151016|1577664000000|false|1030792151296|2058
1344548151016|1577664000000|false|1030792151296|2777
1344548151016|1577664000000|false|1030792151296|2836
1344548151016|1577664000000|false|1030792151296|5114
1353622535962|1577664000000|false|1168231104773|6
1353622535962|1577664000000|false|1168231104773|60
1353622535962|1577664000000|false|1168231104773|138
1353622535962|1577664000000|false|1168231104773|252
1353622535962|1577664000000|false|1168231104773|279
1353622535962|1577664000000|false|1168231104773|468
1353622535962|1577664000000|false|1168231104773|565
1353622535962|1577664000000|false|1168231104773|576
1353622535962|1577664000000|false|1168231104773|585
1353622535962|1577664000000|false|1168231104773|588
1353622535962|1577664000000|false|1168231104773|774
1353622535962|1577664000000|false|1168231104773|777
1353622535962|1577664000000|false|1168231104773|782
1353622535962|1577664000000|false|1168231104773|807
1353622535962|1577664000000|false|1168231104773|1030
1353622535962|1577664000000|false|1168231104773|1032
1353622535962|1577664000000|false|1168231104773|1614
1353622535962|1577664000000|false|1168231104773|1760
1353622535962|1577664000000|false|1168231104773|1769
1353622535962|1577664000000|false|1168231104773|2045
1353622535962|1577664000000|false|1168231104773|2069
1353622535962|1577664000000|false|1168231104773|2097
1353622535962|1577664000000|false|1168231104773|2787
1353622535962|1577664000000|false|1168231104773|2794
1353622535962|1577664000000|false|1168231104773|2801
1353622535962|1577664000000|false|1168231104773|2805
1353622535962|1577664000000|false|1168231104773|2808
1353622535962|1577664000000|false|1168231104773|2869
1353622535962|1577664000000|false|1168231104773|2876
1353622535962|1577664000000|false|1168231104773|2951
1353622535962|1577664000000|false|1168231104773|2963
1353622535962|1577664000000|false|1168231104773|2967
1353622535962|1577664000000|false|1168231104773|3009
1353622535962|1577664000000|false|1168231104773|3055
1353622535962|1577664000000|false|1168231104773|3071
1353622535962|1577664000000|false|1168231104773|4844
1353622535962|1577664000000|false|1168231104773|5085
1353622535962|1577664000000|false|1168231104773|5129
1353622535962|1577664000000|false|1168231104773|6385
1353622535962|1577664000000|false|1168231104773|6397
1353622535962|1577664000000|false|1168231104773|6547
1353622535962|1577664000000|false|1168231104773|7547
1353622535962|1577664000000|false|1168231104773|8925
1353622535962|1577664000000|false|1168231104773|9272
1353622535962|1577664000000|false|1168231104773|10037
1353622535962|1577664000000|false|1168231104773|10878
1353622535962|1577664000000|false|1168231104773|12400
1353622535962|1577664000000|false|1168231104773|13487
1281231686348|1577664000000|false|206158430471|1200
1281231686348|1577664000000|false|206158430471|1506
1281231686348|1577664000000|false|206158430471|1532
1281231686348|1577664000000|false|206158430471|1533
1281231686348|1577664000000|false|206158430471|1992
1281231686348|1577664000000|false|206158430471|1993
1281231686348|1577664000000|false|206158430471|2105
1281231686348|1577664000000|false|206158430471|2795
1281231686348|1577664000000|false|206158430471|6433
1269174352685|1577664000000|false|68719477029|458
1269174352685|1577664000000|false|68719477029|806
1269174352685|1577664000000|false|68719477029|1668
1269174352685|1577664000000|false|68719477029|1670
1269174352685|1577664000000|false|68719477029|1985
1269174352685|1577664000000|false|68719477029|1993
1269174352685|1577664000000|false|68719477029|2011
1269174352685|1577664000000|false|68719477029|2066
1269174352685|1577664000000|false|68719477029|2785
1269174352685|1577664000000|false|68719477029|2788
1269174352685|1577664000000|false|68719477029|2794
1269174352685|1577664000000|false|68719477029|2898
1269174352685|1577664000000|false|68719477029|2929
1269174352685|1577664000000|false|68719477029|2953
1269174352685|1577664000000|false|68719477029|2968
1269174352685|1577664000000|false|68719477029|2969
1269174352685|1577664000000|false|68719477029|3073
1269174352685|1577664000000|false|68719477029|5115
1269174352685|1577664000000|false|68719477029|5170
1269174352685|1577664000000|false|68719477029|5183
1269174352685|1577664000000|false|68719477029|6976
1269174352685|1577664000000|false|68719477029|8882
1269174352685|1577664000000|false|68719477029|10289
1299944452861|1577664000000|false|481036337479|8
1299944452861|1577664000000|false|481036337479|775
1299944452861|1577664000000|false|481036337479|1749
1299944452861|1577664000000|false|481036337479|1993
1299944452861|1577664000000|false|481036337479|2011
1299944452861|1577664000000|false|481036337479|2031
1299944452861|1577664000000|false|481036337479|2036
1299944452861|1577664000000|false|481036337479|2040
1299944452861|1577664000000|false|481036337479|2043
1299944452861|1577664000000|false|481036337479|2053
1299944452861|1577664000000|false|481036337479|2059
1299944452861|1577664000000|false|481036337479|2060
1299944452861|1577664000000|false|481036337479|2076
1299944452861|1577664000000|false|481036337479|2088
1299944452861|1577664000000|false|481036337479|2093
1299944452861|1577664000000|false|481036337479|2796
1299944452861|1577664000000|false|481036337479|2807
1299944452861|1577664000000|false|481036337479|2819
1299944452861|1577664000000|false|481036337479|2837
1299944452861|1577664000000|false|481036337479|2843
1299944452861|1577664000000|false|481036337479|2844
1299944452861|1577664000000|false|481036337479|2895
1299944452861|1577664000000|false|481036337479|2975
1299944452861|1577664000000|false|481036337479|3014
1299944452861|1577664000000|false|481036337479|5162
1299944452861|1577664000000|false|481036337479|5176
1299944452861|1577664000000|false|481036337479|6449
1299944452861|1577664000000|false|481036337479|6698
1299944452861|1577664000000|false|481036337479|6982
1299944452861|1577664000000|false|481036337479|7501
1299944452861|1577664000000|false|481036337479|9036
1299944452861|1577664000000|false|481036337479|13459
1299944452861|1577664000000|false|481036337479|13833
1332192644350|1577664000000|false|893353197896|6
1332192644350|1577664000000|false|893353197896|148
1332192644350|1577664000000|false|893353197896|149
1332192644350|1577664000000|false|893353197896|575
1332192644350|1577664000000|false|893353197896|578
1332192644350|1577664000000|false|893353197896|584
1332192644350|1577664000000|false|893353197896|775
1332192644350|1577664000000|false|893353197896|777
1332192644350|1577664000000|false|893353197896|781
1332192644350|1577664000000|false|893353197896|782
1332192644350|1577664000000|false|893353197896|808
1332192644350|1577664000000|false|893353197896|973
1332192644350|1577664000000|false|893353197896|974
1332192644350|1577664000000|false|893353197896|1170
1332192644350|1577664000000|false|893353197896|1173
1332192644350|1577664000000|false|893353197896|1178
1332192644350|1577664000000|false|893353197896|1180
1332192644350|1577664000000|false|893353197896|1185
1332192644350|1577664000000|false|893353197896|1193
1332192644350|1577664000000|false|893353197896|1198
1332192644350|1577664000000|false|893353197896|1202
1332192644350|1577664000000|false|893353197896|1545
1332192644350|1577664000000|false|893353197896|1667
1332192644350|1577664000000|false|893353197896|1766
1332192644350|1577664000000|false|893353197896|1940
1332192644350|1577664000000|false|893353197896|1953
1332192644350|1577664000000|false|893353197896|1992
1332192644350|1577664000000|false|893353197896|1995
1332192644350|1577664000000|false|893353197896|2030
1332192644350|1577664000000|false|893353197896|2046
1332192644350|1577664000000|false|893353197896|2048
1332192644350|1577664000000|false|893353197896|2059
1332192644350|1577664000000|false|893353197896|2070
1332192644350|1577664000000|false|893353197896|2078
1332192644350|1577664000000|false|893353197896|2089
1332192644350|1577664000000|false|893353197896|2872
1332192644350|1577664000000|false|893353197896|3045
1332192644350|1577664000000|false|893353197896|3047
1332192644350|1577664000000|false|893353197896|4847
1332192644350|1577664000000|false|893353197896|5085
1332192644350|1577664000000|false|893353197896|6945
1332192644350|1577664000000|false|893353197896|6964
1332192644350|1577664000000|false|893353197896|7509
1332192644350|1577664000000|false|893353197896|9058
1332192644350|1577664000000|false|893353197896|9063
1332192644350|1577664000000|false|893353197896|9098
1332192644350|1577664000000|false|893353197896|9174
1332192644350|1577664000000|false|893353197896|9474
1332192644350|1577664000000|false|893353197896|11247
1332192644350|1577664000000|false|893353197896|11254
1332192644350|1577664000000|false|893353197896|11408
1332192644350|1577664000000|false|893353197896|11537
1332192644350|1577664000000|false|893353197896|11622
1332192644350|1577664000000|false|893353197896|11628
1332192644350|1577664000000|false|893353197896|11695
1332192644350|1577664000000|false|893353197896|11742
1332192644350|1577664000000|false|893353197896|12002
1326224704406|1577664000000|false|824633721161|585
1326224704406|1577664000000|false|824633721161|1444
1326224704406|1577664000000|false|824633721161|6404
1326224704406|1577664000000|false|824633721161|8082
1326672590120|1577664000000|false|824633721162|458
1326672590120|1577664000000|false|824633721162|790
1326672590120|1577664000000|false|824633721162|1200
1326672590120|1577664000000|false|824633721162|2033
1326672590120|1577664000000|false|824633721162|2789
1326672590120|1577664000000|false|824633721162|2790
1326672590120|1577664000000|false|824633721162|2871
1326672590120|1577664000000|false|824633721162|2932
1326672590120|1577664000000|false|824633721162|4966
1326672590120|1577664000000|false|824633721162|7005
1305143217595|1577664000000|false|549755814219|1672
1305143217595|1577664000000|false|549755814219|1749
1318824535182|1577664000000|false|687194767692|59
1318824535182|1577664000000|false|687194767692|281
1318824535182|1577664000000|false|687194767692|579
1318824535182|1577664000000|false|687194767692|590
1318824535182|1577664000000|false|687194767692|781
1318824535182|1577664000000|false|687194767692|808
1318824535182|1577664000000|false|687194767692|1604
1318824535182|1577664000000|false|687194767692|1766
1318824535182|1577664000000|false|687194767692|2008
1318824535182|1577664000000|false|687194767692|2028
1318824535182|1577664000000|false|687194767692|2795
1318824535182|1577664000000|false|687194767692|2898
1318824535182|1577664000000|false|687194767692|3027
1318824535182|1577664000000|false|687194767692|3038
1318824535182|1577664000000|false|687194767692|3090
1318824535182|1577664000000|false|687194767692|5727
1318824535182|1577664000000|false|687194767692|8637
1318824535182|1577664000000|false|687194767692|11537
1318824535182|1577664000000|false|687194767692|12079
1351937035388|1577664000000|false|1099511628123|804
1351937035388|1577664000000|false|1099511628123|973
1351937035388|1577664000000|false|1099511628123|1170
1351937035388|1577664000000|false|1099511628123|1185
1351937035388|1577664000000|false|1099511628123|1206
1351937035388|1577664000000|false|1099511628123|1749
1351937035388|1577664000000|false|1099511628123|1908
1351937035388|1577664000000|false|1099511628123|1954
1351937035388|1577664000000|false|1099511628123|2003
1351937035388|1577664000000|false|1099511628123|2786
1351937035388|1577664000000|false|1099511628123|2816
1351937035388|1577664000000|false|1099511628123|2969
1351937035388|1577664000000|false|1099511628123|2985
1351937035388|1577664000000|false|1099511628123|4865
1351937035388|1577664000000|false|1099511628123|6399
1351937035388|1577664000000|false|1099511628123|6815
1351937035388|1577664000000|false|1099511628123|7025
1351937035388|1577664000000|false|1099511628123|7142
1351937035388|1577664000000|false|1099511628123|7689
1351937035388|1577664000000|false|1099511628123|9929
1285580260742|1328030985363|false|274877907293|1410
1285580260742|1328030985363|false|274877907293|1671
1285580260742|1328030985363|false|274877907293|2780
1285580260742|1328030985363|false|274877907293|2918
1285580260742|1328030985363|false|274877907293|5184
1285580260742|1328030985363|false|274877907293|6950
1285580260742|1328030985363|false|274877907293|9209
1285580260742|1328030985363|false|274877907293|15209
1266012334513|1577664000000|false|377|283
1266012334513|1577664000000|false|377|777
1266012334513|1577664000000|false|377|796
1266012334513|1577664000000|false|377|801
1266012334513|1577664000000|false|377|1043
1266012334513|1577664000000|false|377|1763
1266012334513|1577664000000|false|377|1940
1266012334513|1577664000000|false|377|1987
1266012334513|1577664000000|false|377|2031
1266012334513|1577664000000|false|377|2058
1266012334513|1577664000000|false|377|2789
1266012334513|1577664000000|false|377|2822
1266012334513|1577664000000|false|377|2963
1266012334513|1577664000000|false|377|3033
1266012334513|1577664000000|false|377|3043
1266012334513|1577664000000|false|377|3075
1266012334513|1577664000000|false|377|3096
1266012334513|1577664000000|false|377|5063
1266012334513|1577664000000|false|377|5085
1266012334513|1577664000000|false|377|5445
1266012334513|1577664000000|false|377|5663
1266012334513|1577664000000|false|377|6133
1266012334513|1577664000000|false|377|6368
1266012334513|1577664000000|false|377|6369
1266012334513|1577664000000|false|377|6545
1266012334513|1577664000000|false|377|9098
1266012334513|1577664000000|false|377|11745
1311716504142|1577664000000|false|618475291037|410
1331651778597|1577664000000|false|893353198003|280
1331651778597|1577664000000|false|893353198003|284
1331651778597|1577664000000|false|893353198003|448
1331651778597|1577664000000|false|893353198003|540
1331651778597|1577664000000|false|893353198003|806
1331651778597|1577664000000|false|893353198003|1028
1331651778597|1577664000000|false|893353198003|1185
1331651778597|1577664000000|false|893353198003|1615
1331651778597|1577664000000|false|893353198003|1644
1331651778597|1577664000000|false|893353198003|1984
1331651778597|1577664000000|false|893353198003|1985
1331651778597|1577664000000|false|893353198003|2779
1331651778597|1577664000000|false|893353198003|2799
1331651778597|1577664000000|false|893353198003|2826
1331651778597|1577664000000|false|893353198003|2878
1331651778597|1577664000000|false|893353198003|2890
1331651778597|1577664000000|false|893353198003|2945
1331651778597|1577664000000|false|893353198003|3004
1331651778597|1577664000000|false|893353198003|3010
1331651778597|1577664000000|false|893353198003|3083
1331651778597|1577664000000|false|893353198003|5156
1331651778597|1577664000000|false|893353198003|5158
1331651778597|1577664000000|false|893353198003|5854
1331651778597|1577664000000|false|893353198003|6071
1331651778597|1577664000000|false|893353198003|6377
1331651778597|1577664000000|false|893353198003|6658
1331651778597|1577664000000|false|893353198003|6962
1331651778597|1577664000000|false|893353198003|6990
1331651778597|1577664000000|false|893353198003|7534
1331651778597|1577664000000|false|893353198003|14189
1331651778597|1577664000000|false|893353198003|14956
1333885684301|1577664000000|false|893353198013|6
1333885684301|1577664000000|false|893353198013|588
1333885684301|1577664000000|false|893353198013|1021
1333885684301|1577664000000|false|893353198013|1767
1333885684301|1577664000000|false|893353198013|1940
1333885684301|1577664000000|false|893353198013|1995
1333885684301|1577664000000|false|893353198013|2018
1333885684301|1577664000000|false|893353198013|5174
1333885684301|1577664000000|false|893353198013|6413
1333885684301|1577664000000|false|893353198013|7328
1333885684301|1577664000000|false|893353198013|9170
1333885684301|1577664000000|false|893353198013|11695
1333885684301|1577664000000|false|893353198013|12002
1262531441499|1577664000000|false|454|139
1262531441499|1577664000000|false|454|290
1262531441499|1577664000000|false|454|584
1262531441499|1577664000000|false|454|779
1262531441499|1577664000000|false|454|781
1262531441499|1577664000000|false|454|782
1262531441499|1577664000000|false|454|783
1262531441499|1577664000000|false|454|804
1262531441499|1577664000000|false|454|1031
1262531441499|1577664000000|false|454|1621
1262531441499|1577664000000|false|454|1760
1262531441499|1577664000000|false|454|1763
1262531441499|1577664000000|false|454|1997
1262531441499|1577664000000|false|454|2001
1262531441499|1577664000000|false|454|2008
1262531441499|1577664000000|false|454|2031
1262531441499|1577664000000|false|454|2038
1262531441499|1577664000000|false|454|2045
1262531441499|1577664000000|false|454|2067
1262531441499|1577664000000|false|454|2074
1262531441499|1577664000000|false|454|2794
1262531441499|1577664000000|false|454|2797
1262531441499|1577664000000|false|454|2824
1262531441499|1577664000000|false|454|2825
1262531441499|1577664000000|false|454|2826
1262531441499|1577664000000|false|454|2865
1262531441499|1577664000000|false|454|2870
1262531441499|1577664000000|false|454|2908
1262531441499|1577664000000|false|454|2938
1262531441499|1577664000000|false|454|2942
1262531441499|1577664000000|false|454|2999
1262531441499|1577664000000|false|454|3020
1262531441499|1577664000000|false|454|3035
1262531441499|1577664000000|false|454|3041
1262531441499|1577664000000|false|454|3043
1262531441499|1577664000000|false|454|3044
1262531441499|1577664000000|false|454|5063
1262531441499|1577664000000|false|454|5156
1262531441499|1577664000000|false|454|5163
1262531441499|1577664000000|false|454|6763
1262531441499|1577664000000|false|454|6887
1262531441499|1577664000000|false|454|6991
1262531441499|1577664000000|false|454|7148
1262531441499|1577664000000|false|454|7507
1262531441499|1577664000000|false|454|7517
1262531441499|1577664000000|false|454|8225
1262531441499|1577664000000|false|454|8372
1262531441499|1577664000000|false|454|10712
1262531441499|1577664000000|false|454|10925
1262531441499|1577664000000|false|454|11515
1262531441499|1577664000000|false|454|11582
1293168344086|1577664000000|false|343597384135|470
1293168344086|1577664000000|false|343597384135|588
1293168344086|1577664000000|false|343597384135|598
1293168344086|1577664000000|false|343597384135|798
1293168344086|1577664000000|false|343597384135|805
1293168344086|1577664000000|false|343597384135|974
1293168344086|1577664000000|false|343597384135|1031
1293168344086|1577664000000|false|343597384135|1174
1293168344086|1577664000000|false|343597384135|1183
1293168344086|1577664000000|false|343597384135|1527
1293168344086|1577664000000|false|343597384135|1644
1293168344086|1577664000000|false|343597384135|1676
1293168344086|1577664000000|false|343597384135|1764
1293168344086|1577664000000|false|343597384135|1984
1293168344086|1577664000000|false|343597384135|1986
1293168344086|1577664000000|false|343597384135|1989
1293168344086|1577664000000|false|343597384135|1997
1293168344086|1577664000000|false|343597384135|1998
1293168344086|1577664000000|false|343597384135|2044
1293168344086|1577664000000|false|343597384135|2050
1293168344086|1577664000000|false|343597384135|2805
1293168344086|1577664000000|false|343597384135|2808
1293168344086|1577664000000|false|343597384135|2900
1293168344086|1577664000000|false|343597384135|2994
1293168344086|1577664000000|false|343597384135|3000
1293168344086|1577664000000|false|343597384135|3001
1293168344086|1577664000000|false|343597384135|3080
1293168344086|1577664000000|false|343597384135|4844
1293168344086|1577664000000|false|343597384135|4849
1293168344086|1577664000000|false|343597384135|5063
1293168344086|1577664000000|false|343597384135|5067
1293168344086|1577664000000|false|343597384135|5176
1293168344086|1577664000000|false|343597384135|5183
1293168344086|1577664000000|false|343597384135|6100
1293168344086|1577664000000|false|343597384135|6394
1293168344086|1577664000000|false|343597384135|6490
1293168344086|1577664000000|false|343597384135|6962
1293168344086|1577664000000|false|343597384135|7507
1293168344086|1577664000000|false|343597384135|7522
1293168344086|1577664000000|false|343597384135|7582
1293168344086|1577664000000|false|343597384135|7594
1293168344086|1577664000000|false|343597384135|7610
1293168344086|1577664000000|false|343597384135|9102
1293168344086|1577664000000|false|343597384135|9144
1293168344086|1577664000000|false|343597384135|9319
1293168344086|1577664000000|false|343597384135|10951
1293168344086|1577664000000|false|343597384135|11388
1293168344086|1577664000000|false|343597384135|11572
1293168344086|1577664000000|false|343597384135|12807
1293168344086|1577664000000|false|343597384135|13157
1293168344086|1577664000000|false|343597384135|13843
1293168344086|1577664000000|false|343597384135|13870
1330299723145|1577664000000|false|824633721312|545
1330299723145|1577664000000|false|824633721312|809
1330299723145|1577664000000|false|824633721312|1021
1330299723145|1577664000000|false|824633721312|1173
1330299723145|1577664000000|false|824633721312|1195
1330299723145|1577664000000|false|824633721312|1201
1330299723145|1577664000000|false|824633721312|1988
1330299723145|1577664000000|false|824633721312|1997
1330299723145|1577664000000|false|824633721312|1999
1330299723145|1577664000000|false|824633721312|2049
1330299723145|1577664000000|false|824633721312|2075
1330299723145|1577664000000|false|824633721312|2819
1330299723145|1577664000000|false|824633721312|5191
1330299723145|1577664000000|false|824633721312|5192
1330299723145|1577664000000|false|824633721312|6413
1330299723145|1577664000000|false|824633721312|7604
1340714265179|1577664000000|false|962072674785|1524
1340714265179|1577664000000|false|962072674785|2041
1340714265179|1577664000000|false|962072674785|14812
