creationDate|id|locationIP|browserUsed|content|length|creator|place|replyOfPost|replyOfComment
2012-12-28T10:21:10.319Z|1168231109250|27.122.45.252|Internet Explorer|fine|4|10995116277782|52|""|1168231109239
2012-12-28T14:25:17.207Z|1168231109184|148.204.226.31|Chrome|roflol|6|32|53|""|1168231109183
2012-12-28T15:34:25.211Z|1168231109181|203.215.63.48|Firefox|right|5|2199023255557|65|1168231109178|""
2012-12-28T22:43:56.431Z|1168231109267|27.122.45.252|Internet Explorer|LOL|3|10995116277782|52|1168231109266|""
