creationDate|id|locationIP|browserUsed|content|length|creator|place|replyOfPost|replyOfComment
2012-12-12T00:43:02.690Z|1168231109536|193.104.227.215|Internet Explorer|About George II of Great Britain, ophia and Anne, Queen of GAbout Orson Welles, edited and others were lefAbout Non-Aligned Mo|126|26388279066641|86|""|1168231109534
2012-12-12T00:43:31.565Z|1168231109540|31.192.109.124|Internet Explorer|duh|3|26388279066668|56|""|1168231109536
2012-12-12T03:30:18.733Z|1168231106962|24.38.139.231|Firefox|About Pope Benedict XVI, and an undeAbout Pope John XXIII, n XXIII, boAbout Slavoj Ž|84|10995116277783|57|""|1168231106958
2012-12-12T03:54:30.285Z|1168231109542|193.104.227.215|Internet Explorer|maybe|5|26388279066641|86|""|1168231109534
2012-12-12T06:44:40.334Z|1168231106968|91.223.132.248|Internet Explorer|About Otto von Bismarck, ce who kept tAbout Slavoj Žižek, ostmodernism,Abo|74|10995116277761|78|""|1168231106962
2012-12-12T09:02:07.577Z|1168231106970|193.104.227.215|Internet Explorer|I see|5|26388279066641|86|""|1168231106962
