creationDate|id|locationIP|browserUsed|content|length|creator|place|replyOfPost|replyOfComment
2012-11-17T22:02:46.920Z|1168231106990|31.192.109.124|Internet Explorer|About Live on Two Legs,  Epic RecordsAbout From Me to You,  United KingdAbout Czechoslova|89|26388279066668|56|962072676779|""
2012-11-17T22:17:33.218Z|1168231106891|31.192.109.124|Internet Explorer|duh|3|26388279066668|56|893353199943|""
2012-11-17T22:34:30.898Z|1168231106941|31.192.109.124|Internet Explorer|duh|3|26388279066668|56|""|1099511630195
2012-11-17T22:48:22.252Z|1168231106991|27.116.34.47|Chrome|thx|3|13194139533355|0|""|1168231106990
2012-11-17T23:23:11.998Z|1168231106934|31.192.109.124|Internet Explorer|good|4|26388279066668|56|""|1099511630195
