creationDate|id|locationIP|browserUsed|content|length|creator|place|replyOfPost|replyOfComment
2012-10-15T00:22:30.901Z|1099511629193|58.145.168.54|Chrome|About Slavoj Žižek, tical theoryAbout Dancing in the Street,  signature sAbout G|80|35184372088834|51|""|1099511629191
2012-10-15T05:01:39.196Z|1099511630145|31.170.121.115|Internet Explorer|maybe|5|28587302322180|48|1099511630138|""
2012-10-15T09:34:38.303Z|1099511629196|186.64.7.5|Firefox|duh|3|26388279066658|61|""|1099511629191
2012-10-15T17:19:47.823Z|1099511629197|196.29.42.107|Firefox|great|5|2199023255594|60|""|1099511629191
